Year,DHB,maori.deaths,total.deaths,maori.prop,Four.Digit.Code,Char.Code,HPI.Code,NAME
1991,11,0,992,0,1011,NLD,G00026-A,Northland
1991,21,0,2208,0,1021,NWA,G00013-C,Waitemata
1991,22,0,2808,0,1022,CAK,G00011-K,Auckland
1991,23,0,1874,0,1023,SAK,G00012-A,Counties Manukau
1991,31,0,2109,0,2031,WKO,G00027-C,Waikato
1991,42,0,636,0,2042,LKS,G00028-E,Lakes
1991,47,0,1238,0,2047,BOP,G00031-E,Bay of Plenty
1991,51,0,377,0,2051,TRW,G00029-G,Tairawhiti
1991,61,0,1186,0,3061,HWB,G00032-G,Hawke's Bay
1991,71,0,891,0,2071,TKI,G00030-C,Taranaki
1991,81,0,1369,0,3081,MWU,G00033-J,Midcentral
1991,82,0,605,0,3082,WNI,G00035-B,Whanganui
1991,91,0,1532,0,3091,CAP,G00036-D,Capital and Coast
1991,92,0,974,0,3092,HUT,G00006-F,Hutt
1991,93,0,376,0,3093,WRP,G00037-F,Wairarapa
1991,101,0,835,0,3101,NLM,G00038-H,Nelson Marlborough
1991,111,0,364,0,4111,WCO,G00039-K,West Coast
1991,121,0,3249,0,4121,CTY,G00005-D,Canterbury
1991,123,0,547,0,4123,SCY,G00025-K,South Canterbury
1991,160,0,2436,0,4160,SRN,G02328-E,Southern
1992,11,2,1052,0.001901141,1011,NLD,G00026-A,Northland
1992,21,0,2255,0,1021,NWA,G00013-C,Waitemata
1992,22,0,2817,0,1022,CAK,G00011-K,Auckland
1992,23,0,1978,0,1023,SAK,G00012-A,Counties Manukau
1992,31,0,2206,0,2031,WKO,G00027-C,Waikato
1992,42,0,702,0,2042,LKS,G00028-E,Lakes
1992,47,0,1286,0,2047,BOP,G00031-E,Bay of Plenty
1992,51,0,368,0,2051,TRW,G00029-G,Tairawhiti
1992,61,0,1273,0,3061,HWB,G00032-G,Hawke's Bay
1992,71,0,976,0,2071,TKI,G00030-C,Taranaki
1992,81,0,1384,0,3081,MWU,G00033-J,Midcentral
1992,82,0,594,0,3082,WNI,G00035-B,Whanganui
1992,91,0,1567,0,3091,CAP,G00036-D,Capital and Coast
1992,92,0,980,0,3092,HUT,G00006-F,Hutt
1992,93,0,320,0,3093,WRP,G00037-F,Wairarapa
1992,101,0,788,0,3101,NLM,G00038-H,Nelson Marlborough
1992,111,0,353,0,4111,WCO,G00039-K,West Coast
1992,121,0,3414,0,4121,CTY,G00005-D,Canterbury
1992,123,0,573,0,4123,SCY,G00025-K,South Canterbury
1992,160,0,2456,0,4160,SRN,G02328-E,Southern
1993,11,1,1061,0.000942507,1011,NLD,G00026-A,Northland
1993,21,0,2379,0,1021,NWA,G00013-C,Waitemata
1993,22,0,2920,0,1022,CAK,G00011-K,Auckland
1993,23,0,1933,0,1023,SAK,G00012-A,Counties Manukau
1993,31,0,2168,0,2031,WKO,G00027-C,Waikato
1993,42,0,644,0,2042,LKS,G00028-E,Lakes
1993,47,0,1292,0,2047,BOP,G00031-E,Bay of Plenty
1993,51,0,441,0,2051,TRW,G00029-G,Tairawhiti
1993,61,0,1244,0,3061,HWB,G00032-G,Hawke's Bay
1993,71,0,933,0,2071,TKI,G00030-C,Taranaki
1993,81,0,1412,0,3081,MWU,G00033-J,Midcentral
1993,82,0,552,0,3082,WNI,G00035-B,Whanganui
1993,91,0,1487,0,3091,CAP,G00036-D,Capital and Coast
1993,92,0,1005,0,3092,HUT,G00006-F,Hutt
1993,93,0,395,0,3093,WRP,G00037-F,Wairarapa
1993,101,0,845,0,3101,NLM,G00038-H,Nelson Marlborough
1993,111,0,367,0,4111,WCO,G00039-K,West Coast
1993,121,0,3334,0,4121,CTY,G00005-D,Canterbury
1993,123,0,572,0,4123,SCY,G00025-K,South Canterbury
1993,160,0,2362,0,4160,SRN,G02328-E,Southern
1994,11,2,1118,0.001788909,1011,NLD,G00026-A,Northland
1994,21,0,2413,0,1021,NWA,G00013-C,Waitemata
1994,22,0,2777,0,1022,CAK,G00011-K,Auckland
1994,23,0,1976,0,1023,SAK,G00012-A,Counties Manukau
1994,31,1,2224,0.00044964,2031,WKO,G00027-C,Waikato
1994,42,0,658,0,2042,LKS,G00028-E,Lakes
1994,47,0,1297,0,2047,BOP,G00031-E,Bay of Plenty
1994,51,0,400,0,2051,TRW,G00029-G,Tairawhiti
1994,61,0,1245,0,3061,HWB,G00032-G,Hawke's Bay
1994,71,0,912,0,2071,TKI,G00030-C,Taranaki
1994,81,0,1412,0,3081,MWU,G00033-J,Midcentral
1994,82,0,585,0,3082,WNI,G00035-B,Whanganui
1994,91,0,1476,0,3091,CAP,G00036-D,Capital and Coast
1994,92,0,962,0,3092,HUT,G00006-F,Hutt
1994,93,0,303,0,3093,WRP,G00037-F,Wairarapa
1994,101,0,835,0,3101,NLM,G00038-H,Nelson Marlborough
1994,111,0,374,0,4111,WCO,G00039-K,West Coast
1994,121,0,3384,0,4121,CTY,G00005-D,Canterbury
1994,123,0,583,0,4123,SCY,G00025-K,South Canterbury
1994,160,0,2390,0,4160,SRN,G02328-E,Southern
1995,11,11,1177,0.009345794,1011,NLD,G00026-A,Northland
1995,21,7,2497,0.002803364,1021,NWA,G00013-C,Waitemata
1995,22,8,2790,0.002867384,1022,CAK,G00011-K,Auckland
1995,23,13,2066,0.006292352,1023,SAK,G00012-A,Counties Manukau
1995,31,13,2143,0.006066262,2031,WKO,G00027-C,Waikato
1995,42,5,726,0.006887052,2042,LKS,G00028-E,Lakes
1995,47,6,1361,0.004408523,2047,BOP,G00031-E,Bay of Plenty
1995,51,3,447,0.006711409,2051,TRW,G00029-G,Tairawhiti
1995,61,9,1221,0.007371007,3061,HWB,G00032-G,Hawke's Bay
1995,71,4,913,0.004381161,2071,TKI,G00030-C,Taranaki
1995,81,5,1394,0.003586801,3081,MWU,G00033-J,Midcentral
1995,82,1,595,0.001680672,3082,WNI,G00035-B,Whanganui
1995,91,4,1619,0.002470661,3091,CAP,G00036-D,Capital and Coast
1995,92,4,1011,0.003956479,3092,HUT,G00006-F,Hutt
1995,93,4,345,0.011594203,3093,WRP,G00037-F,Wairarapa
1995,101,0,946,0,3101,NLM,G00038-H,Nelson Marlborough
1995,111,0,378,0,4111,WCO,G00039-K,West Coast
1995,121,10,3486,0.002868617,4121,CTY,G00005-D,Canterbury
1995,123,1,533,0.001876173,4123,SCY,G00025-K,South Canterbury
1995,160,6,2413,0.002486531,4160,SRN,G02328-E,Southern
1996,11,326,1138,0.286467487,1011,NLD,G00026-A,Northland
1996,21,128,2596,0.049306626,1021,NWA,G00013-C,Waitemata
1996,22,165,2813,0.058656239,1022,CAK,G00011-K,Auckland
1996,23,275,2067,0.133043058,1023,SAK,G00012-A,Counties Manukau
1996,31,376,2362,0.15918713,2031,WKO,G00027-C,Waikato
1996,42,171,676,0.25295858,2042,LKS,G00028-E,Lakes
1996,47,270,1502,0.17976032,2047,BOP,G00031-E,Bay of Plenty
1996,51,156,408,0.382352941,2051,TRW,G00029-G,Tairawhiti
1996,61,186,1242,0.149758454,3061,HWB,G00032-G,Hawke's Bay
1996,71,83,906,0.091611479,2071,TKI,G00030-C,Taranaki
1996,81,110,1414,0.077793494,3081,MWU,G00033-J,Midcentral
1996,82,83,609,0.136288998,3082,WNI,G00035-B,Whanganui
1996,91,92,1533,0.060013046,3091,CAP,G00036-D,Capital and Coast
1996,92,86,1030,0.083495146,3092,HUT,G00006-F,Hutt
1996,93,32,375,0.085333333,3093,WRP,G00037-F,Wairarapa
1996,101,25,954,0.026205451,3101,NLM,G00038-H,Nelson Marlborough
1996,111,15,384,0.0390625,4111,WCO,G00039-K,West Coast
1996,121,105,3465,0.03030303,4121,CTY,G00005-D,Canterbury
1996,123,10,561,0.017825312,4123,SCY,G00025-K,South Canterbury
1996,160,75,2481,0.030229746,4160,SRN,G02328-E,Southern
1997,11,332,1161,0.285960379,1011,NLD,G00026-A,Northland
1997,21,121,2675,0.045233645,1021,NWA,G00013-C,Waitemata
1997,22,137,2778,0.049316055,1022,CAK,G00011-K,Auckland
1997,23,267,2037,0.13107511,1023,SAK,G00012-A,Counties Manukau
1997,31,332,2278,0.145741879,2031,WKO,G00027-C,Waikato
1997,42,208,751,0.276964048,2042,LKS,G00028-E,Lakes
1997,47,264,1369,0.19284149,2047,BOP,G00031-E,Bay of Plenty
1997,51,166,424,0.391509434,2051,TRW,G00029-G,Tairawhiti
1997,61,207,1269,0.163120567,3061,HWB,G00032-G,Hawke's Bay
1997,71,75,782,0.095907928,2071,TKI,G00030-C,Taranaki
1997,81,116,1331,0.087152517,3081,MWU,G00033-J,Midcentral
1997,82,87,549,0.158469945,3082,WNI,G00035-B,Whanganui
1997,91,85,1600,0.053125,3091,CAP,G00036-D,Capital and Coast
1997,92,54,983,0.054933876,3092,HUT,G00006-F,Hutt
1997,93,23,360,0.063888889,3093,WRP,G00037-F,Wairarapa
1997,101,33,916,0.036026201,3101,NLM,G00038-H,Nelson Marlborough
1997,111,13,372,0.034946237,4111,WCO,G00039-K,West Coast
1997,121,91,3246,0.028034504,4121,CTY,G00005-D,Canterbury
1997,123,16,559,0.02862254,4123,SCY,G00025-K,South Canterbury
1997,160,64,2355,0.027176221,4160,SRN,G02328-E,Southern
1998,11,341,1128,0.302304965,1011,NLD,G00026-A,Northland
1998,21,109,2450,0.044489796,1021,NWA,G00013-C,Waitemata
1998,22,150,2615,0.057361377,1022,CAK,G00011-K,Auckland
1998,23,276,2060,0.133980583,1023,SAK,G00012-A,Counties Manukau
1998,31,355,2280,0.155701754,2031,WKO,G00027-C,Waikato
1998,42,204,719,0.283727399,2042,LKS,G00028-E,Lakes
1998,47,233,1362,0.171071953,2047,BOP,G00031-E,Bay of Plenty
1998,51,139,372,0.373655914,2051,TRW,G00029-G,Tairawhiti
1998,61,182,1196,0.152173913,3061,HWB,G00032-G,Hawke's Bay
1998,71,55,777,0.070785071,2071,TKI,G00030-C,Taranaki
1998,81,93,1286,0.072317263,3081,MWU,G00033-J,Midcentral
1998,82,83,592,0.140202703,3082,WNI,G00035-B,Whanganui
1998,91,99,1494,0.06626506,3091,CAP,G00036-D,Capital and Coast
1998,92,69,919,0.07508161,3092,HUT,G00006-F,Hutt
1998,93,44,373,0.117962466,3093,WRP,G00037-F,Wairarapa
1998,101,29,869,0.033371692,3101,NLM,G00038-H,Nelson Marlborough
1998,111,12,328,0.036585366,4111,WCO,G00039-K,West Coast
1998,121,68,3261,0.020852499,4121,CTY,G00005-D,Canterbury
1998,123,17,538,0.031598513,4123,SCY,G00025-K,South Canterbury
1998,160,69,2367,0.029150824,4160,SRN,G02328-E,Southern
1999,11,361,1210,0.298347107,1011,NLD,G00026-A,Northland
1999,21,121,2613,0.046306927,1021,NWA,G00013-C,Waitemata
1999,22,118,2589,0.045577443,1022,CAK,G00011-K,Auckland
1999,23,262,2146,0.122087605,1023,SAK,G00012-A,Counties Manukau
1999,31,374,2439,0.153341533,2031,WKO,G00027-C,Waikato
1999,42,183,717,0.255230126,2042,LKS,G00028-E,Lakes
1999,47,279,1516,0.184036939,2047,BOP,G00031-E,Bay of Plenty
1999,51,160,446,0.358744395,2051,TRW,G00029-G,Tairawhiti
1999,61,210,1316,0.159574468,3061,HWB,G00032-G,Hawke's Bay
1999,71,95,924,0.102813853,2071,TKI,G00030-C,Taranaki
1999,81,90,1390,0.064748201,3081,MWU,G00033-J,Midcentral
1999,82,81,591,0.137055838,3082,WNI,G00035-B,Whanganui
1999,91,92,1578,0.058301648,3091,CAP,G00036-D,Capital and Coast
1999,92,86,1020,0.084313725,3092,HUT,G00006-F,Hutt
1999,93,34,321,0.105919003,3093,WRP,G00037-F,Wairarapa
1999,101,29,967,0.029989659,3101,NLM,G00038-H,Nelson Marlborough
1999,111,12,297,0.04040404,4111,WCO,G00039-K,West Coast
1999,121,90,3358,0.026801668,4121,CTY,G00005-D,Canterbury
1999,123,11,535,0.020560748,4123,SCY,G00025-K,South Canterbury
1999,160,69,2361,0.029224905,4160,SRN,G02328-E,Southern
2000,11,310,1103,0.281051677,1011,NLD,G00026-A,Northland
2000,21,122,2444,0.049918167,1021,NWA,G00013-C,Waitemata
2000,22,119,2485,0.047887324,1022,CAK,G00011-K,Auckland
2000,23,284,2079,0.136604137,1023,SAK,G00012-A,Counties Manukau
2000,31,373,2293,0.162668993,2031,WKO,G00027-C,Waikato
2000,42,184,726,0.253443526,2042,LKS,G00028-E,Lakes
2000,47,280,1459,0.191912269,2047,BOP,G00031-E,Bay of Plenty
2000,51,136,384,0.354166667,2051,TRW,G00029-G,Tairawhiti
2000,61,181,1215,0.148971193,3061,HWB,G00032-G,Hawke's Bay
2000,71,82,888,0.092342342,2071,TKI,G00030-C,Taranaki
2000,81,112,1301,0.086087625,3081,MWU,G00033-J,Midcentral
2000,82,84,641,0.131045242,3082,WNI,G00035-B,Whanganui
2000,91,99,1530,0.064705882,3091,CAP,G00036-D,Capital and Coast
2000,92,79,918,0.086056645,3092,HUT,G00006-F,Hutt
2000,93,23,345,0.066666667,3093,WRP,G00037-F,Wairarapa
2000,101,22,1000,0.022,3101,NLM,G00038-H,Nelson Marlborough
2000,111,10,222,0.045045045,4111,WCO,G00039-K,West Coast
2000,121,93,3191,0.029144469,4121,CTY,G00005-D,Canterbury
2000,123,9,510,0.017647059,4123,SCY,G00025-K,South Canterbury
2000,160,78,2300,0.033913043,4160,SRN,G02328-E,Southern
2001,11,334,1238,0.269789984,1011,NLD,G00026-A,Northland
2001,21,125,2669,0.04683402,1021,NWA,G00013-C,Waitemata
2001,22,119,2433,0.04891081,1022,CAK,G00011-K,Auckland
2001,23,281,2215,0.126862302,1023,SAK,G00012-A,Counties Manukau
2001,31,345,2372,0.14544688,2031,WKO,G00027-C,Waikato
2001,42,208,796,0.261306533,2042,LKS,G00028-E,Lakes
2001,47,264,1551,0.170212766,2047,BOP,G00031-E,Bay of Plenty
2001,51,139,386,0.360103627,2051,TRW,G00029-G,Tairawhiti
2001,61,183,1257,0.145584726,3061,HWB,G00032-G,Hawke's Bay
2001,71,78,908,0.085903084,2071,TKI,G00030-C,Taranaki
2001,81,113,1395,0.081003584,3081,MWU,G00033-J,Midcentral
2001,82,78,615,0.126829268,3082,WNI,G00035-B,Whanganui
2001,91,87,1527,0.05697446,3091,CAP,G00036-D,Capital and Coast
2001,92,74,964,0.076763485,3092,HUT,G00006-F,Hutt
2001,93,33,376,0.087765957,3093,WRP,G00037-F,Wairarapa
2001,101,33,1023,0.032258065,3101,NLM,G00038-H,Nelson Marlborough
2001,111,14,292,0.047945205,4111,WCO,G00039-K,West Coast
2001,121,105,3283,0.031982942,4121,CTY,G00005-D,Canterbury
2001,123,11,555,0.01981982,4123,SCY,G00025-K,South Canterbury
2001,160,87,2396,0.036310518,4160,SRN,G02328-E,Southern
2002,11,331,1303,0.254029163,1011,NLD,G00026-A,Northland
2002,21,141,2609,0.054043695,1021,NWA,G00013-C,Waitemata
2002,22,117,2543,0.046008651,1022,CAK,G00011-K,Auckland
2002,23,296,2233,0.132557098,1023,SAK,G00012-A,Counties Manukau
2002,31,365,2378,0.153490328,2031,WKO,G00027-C,Waikato
2002,42,157,701,0.223965763,2042,LKS,G00028-E,Lakes
2002,47,259,1536,0.168619792,2047,BOP,G00031-E,Bay of Plenty
2002,51,156,409,0.381418093,2051,TRW,G00029-G,Tairawhiti
2002,61,177,1292,0.136996904,3061,HWB,G00032-G,Hawke's Bay
2002,71,92,917,0.100327154,2071,TKI,G00030-C,Taranaki
2002,81,101,1332,0.075825826,3081,MWU,G00033-J,Midcentral
2002,82,98,621,0.157809984,3082,WNI,G00035-B,Whanganui
2002,91,91,1590,0.057232704,3091,CAP,G00036-D,Capital and Coast
2002,92,80,936,0.085470085,3092,HUT,G00006-F,Hutt
2002,93,21,334,0.062874251,3093,WRP,G00037-F,Wairarapa
2002,101,40,1073,0.037278658,3101,NLM,G00038-H,Nelson Marlborough
2002,111,17,271,0.062730627,4111,WCO,G00039-K,West Coast
2002,121,100,3507,0.0285144,4121,CTY,G00005-D,Canterbury
2002,123,13,534,0.024344569,4123,SCY,G00025-K,South Canterbury
2002,160,82,2409,0.03403902,4160,SRN,G02328-E,Southern
2003,11,341,1275,0.26745098,1011,NLD,G00026-A,Northland
2003,21,128,2684,0.047690015,1021,NWA,G00013-C,Waitemata
2003,22,129,2419,0.053327821,1022,CAK,G00011-K,Auckland
2003,23,327,2285,0.143107221,1023,SAK,G00012-A,Counties Manukau
2003,31,319,2307,0.138274816,2031,WKO,G00027-C,Waikato
2003,42,195,716,0.272346369,2042,LKS,G00028-E,Lakes
2003,47,266,1518,0.175230567,2047,BOP,G00031-E,Bay of Plenty
2003,51,161,415,0.387951807,2051,TRW,G00029-G,Tairawhiti
2003,61,217,1321,0.164269493,3061,HWB,G00032-G,Hawke's Bay
2003,71,83,912,0.091008772,2071,TKI,G00030-C,Taranaki
2003,81,116,1336,0.086826347,3081,MWU,G00033-J,Midcentral
2003,82,95,608,0.15625,3082,WNI,G00035-B,Whanganui
2003,91,89,1567,0.056796426,3091,CAP,G00036-D,Capital and Coast
2003,92,73,999,0.073073073,3092,HUT,G00006-F,Hutt
2003,93,24,329,0.072948328,3093,WRP,G00037-F,Wairarapa
2003,101,40,978,0.040899796,3101,NLM,G00038-H,Nelson Marlborough
2003,111,13,274,0.047445255,4111,WCO,G00039-K,West Coast
2003,121,101,3376,0.029917062,4121,CTY,G00005-D,Canterbury
2003,123,8,527,0.015180266,4123,SCY,G00025-K,South Canterbury
2003,160,90,2409,0.0373599,4160,SRN,G02328-E,Southern
2004,11,315,1200,0.2625,1011,NLD,G00026-A,Northland
2004,21,128,2761,0.046360014,1021,NWA,G00013-C,Waitemata
2004,22,162,2594,0.062451812,1022,CAK,G00011-K,Auckland
2004,23,300,2221,0.135074291,1023,SAK,G00012-A,Counties Manukau
2004,31,355,2451,0.144838841,2031,WKO,G00027-C,Waikato
2004,42,199,789,0.252217997,2042,LKS,G00028-E,Lakes
2004,47,307,1607,0.191039203,2047,BOP,G00031-E,Bay of Plenty
2004,51,131,359,0.364902507,2051,TRW,G00029-G,Tairawhiti
2004,61,189,1230,0.153658537,3061,HWB,G00032-G,Hawke's Bay
2004,71,90,955,0.094240838,2071,TKI,G00030-C,Taranaki
2004,81,130,1406,0.092460882,3081,MWU,G00033-J,Midcentral
2004,82,77,578,0.133217993,3082,WNI,G00035-B,Whanganui
2004,91,86,1580,0.05443038,3091,CAP,G00036-D,Capital and Coast
2004,92,83,934,0.088865096,3092,HUT,G00006-F,Hutt
2004,93,35,366,0.095628415,3093,WRP,G00037-F,Wairarapa
2004,101,36,1092,0.032967033,3101,NLM,G00038-H,Nelson Marlborough
2004,111,15,264,0.056818182,4111,WCO,G00039-K,West Coast
2004,121,131,3660,0.03579235,4121,CTY,G00005-D,Canterbury
2004,123,9,558,0.016129032,4123,SCY,G00025-K,South Canterbury
2004,160,65,2334,0.027849186,4160,SRN,G02328-E,Southern
2005,11,316,1203,0.262676642,1011,NLD,G00026-A,Northland
2005,21,166,2635,0.062998102,1021,NWA,G00013-C,Waitemata
2005,22,136,2289,0.059414592,1022,CAK,G00011-K,Auckland
2005,23,316,2188,0.144424132,1023,SAK,G00012-A,Counties Manukau
2005,31,380,2353,0.161495963,2031,WKO,G00027-C,Waikato
2005,42,182,677,0.268833087,2042,LKS,G00028-E,Lakes
2005,47,252,1571,0.160407384,2047,BOP,G00031-E,Bay of Plenty
2005,51,157,383,0.409921671,2051,TRW,G00029-G,Tairawhiti
2005,61,203,1289,0.157486424,3061,HWB,G00032-G,Hawke's Bay
2005,71,61,893,0.068309071,2071,TKI,G00030-C,Taranaki
2005,81,129,1291,0.099922541,3081,MWU,G00033-J,Midcentral
2005,82,103,600,0.171666667,3082,WNI,G00035-B,Whanganui
2005,91,93,1509,0.061630219,3091,CAP,G00036-D,Capital and Coast
2005,92,84,906,0.092715232,3092,HUT,G00006-F,Hutt
2005,93,31,350,0.088571429,3093,WRP,G00037-F,Wairarapa
2005,101,36,1072,0.03358209,3101,NLM,G00038-H,Nelson Marlborough
2005,111,16,245,0.065306122,4111,WCO,G00039-K,West Coast
2005,121,108,3386,0.031896043,4121,CTY,G00005-D,Canterbury
2005,123,10,523,0.019120459,4123,SCY,G00025-K,South Canterbury
2005,160,84,2196,0.038251366,4160,SRN,G02328-E,Southern
2006,11,311,1184,0.262668919,1011,NLD,G00026-A,Northland
2006,21,161,2697,0.059695958,1021,NWA,G00013-C,Waitemata
2006,22,156,2440,0.063934426,1022,CAK,G00011-K,Auckland
2006,23,363,2352,0.154336735,1023,SAK,G00012-A,Counties Manukau
2006,31,392,2597,0.150943396,2031,WKO,G00027-C,Waikato
2006,42,208,761,0.273324573,2042,LKS,G00028-E,Lakes
2006,47,272,1707,0.159343878,2047,BOP,G00031-E,Bay of Plenty
2006,51,163,441,0.369614512,2051,TRW,G00029-G,Tairawhiti
2006,61,195,1307,0.149196634,3061,HWB,G00032-G,Hawke's Bay
2006,71,79,888,0.088963964,2071,TKI,G00030-C,Taranaki
2006,81,102,1340,0.076119403,3081,MWU,G00033-J,Midcentral
2006,82,96,602,0.159468439,3082,WNI,G00035-B,Whanganui
2006,91,85,1595,0.053291536,3091,CAP,G00036-D,Capital and Coast
2006,92,93,913,0.101861993,3092,HUT,G00006-F,Hutt
2006,93,25,357,0.070028011,3093,WRP,G00037-F,Wairarapa
2006,101,40,1084,0.036900369,3101,NLM,G00038-H,Nelson Marlborough
2006,111,12,253,0.04743083,4111,WCO,G00039-K,West Coast
2006,121,104,3551,0.029287525,4121,CTY,G00005-D,Canterbury
2006,123,12,536,0.02238806,4123,SCY,G00025-K,South Canterbury
2006,160,93,2290,0.040611354,4160,SRN,G02328-E,Southern
2007,11,326,1238,0.263327948,1011,NLD,G00026-A,Northland
2007,21,164,2662,0.061607814,1021,NWA,G00013-C,Waitemata
2007,22,147,2480,0.059274194,1022,CAK,G00011-K,Auckland
2007,23,347,2365,0.146723044,1023,SAK,G00012-A,Counties Manukau
2007,31,377,2520,0.149603175,2031,WKO,G00027-C,Waikato
2007,42,183,761,0.240473062,2042,LKS,G00028-E,Lakes
2007,47,304,1683,0.180629828,2047,BOP,G00031-E,Bay of Plenty
2007,51,144,378,0.380952381,2051,TRW,G00029-G,Tairawhiti
2007,61,211,1273,0.165750196,3061,HWB,G00032-G,Hawke's Bay
2007,71,105,946,0.110993658,2071,TKI,G00030-C,Taranaki
2007,81,113,1240,0.091129032,3081,MWU,G00033-J,Midcentral
2007,82,95,564,0.168439716,3082,WNI,G00035-B,Whanganui
2007,91,87,1582,0.054993679,3091,CAP,G00036-D,Capital and Coast
2007,92,89,917,0.097055616,3092,HUT,G00006-F,Hutt
2007,93,38,328,0.115853659,3093,WRP,G00037-F,Wairarapa
2007,101,47,1074,0.043761639,3101,NLM,G00038-H,Nelson Marlborough
2007,111,11,251,0.043824701,4111,WCO,G00039-K,West Coast
2007,121,136,3613,0.037641849,4121,CTY,G00005-D,Canterbury
2007,123,11,492,0.022357724,4123,SCY,G00025-K,South Canterbury
2007,160,85,2344,0.036262799,4160,SRN,G02328-E,Southern
2008,11,363,1358,0.26730486,1011,NLD,G00026-A,Northland
2008,21,161,2828,0.056930693,1021,NWA,G00013-C,Waitemata
2008,22,155,2462,0.062956946,1022,CAK,G00011-K,Auckland
2008,23,315,2375,0.132631579,1023,SAK,G00012-A,Counties Manukau
2008,31,379,2647,0.14318096,2031,WKO,G00027-C,Waikato
2008,42,230,777,0.296010296,2042,LKS,G00028-E,Lakes
2008,47,261,1781,0.146546884,2047,BOP,G00031-E,Bay of Plenty
2008,51,164,395,0.415189873,2051,TRW,G00029-G,Tairawhiti
2008,61,195,1216,0.160361842,3061,HWB,G00032-G,Hawke's Bay
2008,71,83,916,0.090611354,2071,TKI,G00030-C,Taranaki
2008,81,120,1324,0.090634441,3081,MWU,G00033-J,Midcentral
2008,82,102,610,0.167213115,3082,WNI,G00035-B,Whanganui
2008,91,104,1679,0.061941632,3091,CAP,G00036-D,Capital and Coast
2008,92,89,933,0.095391211,3092,HUT,G00006-F,Hutt
2008,93,34,384,0.088541667,3093,WRP,G00037-F,Wairarapa
2008,101,31,1089,0.028466483,3101,NLM,G00038-H,Nelson Marlborough
2008,111,11,286,0.038461538,4111,WCO,G00039-K,West Coast
2008,121,123,3589,0.034271385,4121,CTY,G00005-D,Canterbury
2008,123,11,504,0.021825397,4123,SCY,G00025-K,South Canterbury
2008,160,87,2421,0.035935564,4160,SRN,G02328-E,Southern
2009,11,367,1295,0.283397683,1011,NLD,G00026-A,Northland
2009,21,169,2802,0.060314061,1021,NWA,G00013-C,Waitemata
2009,22,148,2475,0.05979798,1022,CAK,G00011-K,Auckland
2009,23,393,2423,0.162195625,1023,SAK,G00012-A,Counties Manukau
2009,31,396,2518,0.157267673,2031,WKO,G00027-C,Waikato
2009,42,227,804,0.282338308,2042,LKS,G00028-E,Lakes
2009,47,284,1694,0.167650531,2047,BOP,G00031-E,Bay of Plenty
2009,51,156,376,0.414893617,2051,TRW,G00029-G,Tairawhiti
2009,61,197,1252,0.157348243,3061,HWB,G00032-G,Hawke's Bay
2009,71,99,906,0.109271523,2071,TKI,G00030-C,Taranaki
2009,81,127,1344,0.094494048,3081,MWU,G00033-J,Midcentral
2009,82,91,616,0.147727273,3082,WNI,G00035-B,Whanganui
2009,91,110,1540,0.071428571,3091,CAP,G00036-D,Capital and Coast
2009,92,86,991,0.086781029,3092,HUT,G00006-F,Hutt
2009,93,35,428,0.081775701,3093,WRP,G00037-F,Wairarapa
2009,101,36,1044,0.034482759,3101,NLM,G00038-H,Nelson Marlborough
2009,111,12,264,0.045454545,4111,WCO,G00039-K,West Coast
2009,121,119,3720,0.031989247,4121,CTY,G00005-D,Canterbury
2009,123,24,548,0.04379562,4123,SCY,G00025-K,South Canterbury
2009,160,84,2340,0.035897436,4160,SRN,G02328-E,Southern
2010,11,334,1282,0.260530421,1011,NLD,G00026-A,Northland
2010,21,152,2681,0.056695263,1021,NWA,G00013-C,Waitemata
2010,22,173,2415,0.071635611,1022,CAK,G00011-K,Auckland
2010,23,336,2471,0.135977337,1023,SAK,G00012-A,Counties Manukau
2010,31,398,2528,0.157436709,2031,WKO,G00027-C,Waikato
2010,42,182,695,0.261870504,2042,LKS,G00028-E,Lakes
2010,47,273,1732,0.157621247,2047,BOP,G00031-E,Bay of Plenty
2010,51,162,398,0.407035176,2051,TRW,G00029-G,Tairawhiti
2010,61,193,1220,0.158196721,3061,HWB,G00032-G,Hawke's Bay
2010,71,88,923,0.095341278,2071,TKI,G00030-C,Taranaki
2010,81,118,1313,0.089870526,3081,MWU,G00033-J,Midcentral
2010,82,97,621,0.156199678,3082,WNI,G00035-B,Whanganui
2010,91,96,1575,0.060952381,3091,CAP,G00036-D,Capital and Coast
2010,92,94,963,0.09761163,3092,HUT,G00006-F,Hutt
2010,93,31,361,0.085872576,3093,WRP,G00037-F,Wairarapa
2010,101,48,1049,0.045757865,3101,NLM,G00038-H,Nelson Marlborough
2010,111,21,282,0.074468085,4111,WCO,G00039-K,West Coast
2010,121,140,3743,0.037403153,4121,CTY,G00005-D,Canterbury
2010,123,9,531,0.016949153,4123,SCY,G00025-K,South Canterbury
2010,160,81,2192,0.036952555,4160,SRN,G02328-E,Southern
2011,11,341,1394,0.244619799,1011,NLD,G00026-A,Northland
2011,21,155,2858,0.05423373,1021,NWA,G00013-C,Waitemata
2011,22,142,2532,0.056082148,1022,CAK,G00011-K,Auckland
2011,23,365,2586,0.141144625,1023,SAK,G00012-A,Counties Manukau
2011,31,422,2729,0.154635398,2031,WKO,G00027-C,Waikato
2011,42,223,785,0.284076433,2042,LKS,G00028-E,Lakes
2011,47,329,1692,0.194444444,2047,BOP,G00031-E,Bay of Plenty
2011,51,125,364,0.343406593,2051,TRW,G00029-G,Tairawhiti
2011,61,180,1286,0.139968896,3061,HWB,G00032-G,Hawke's Bay
2011,71,92,986,0.093306288,2071,TKI,G00030-C,Taranaki
2011,81,121,1319,0.091736164,3081,MWU,G00033-J,Midcentral
2011,82,103,620,0.166129032,3082,WNI,G00035-B,Whanganui
2011,91,126,1728,0.072916667,3091,CAP,G00036-D,Capital and Coast
2011,92,106,993,0.106747231,3092,HUT,G00006-F,Hutt
2011,93,39,407,0.095823096,3093,WRP,G00037-F,Wairarapa
2011,101,38,1113,0.034141959,3101,NLM,G00038-H,Nelson Marlborough
2011,111,9,274,0.032846715,4111,WCO,G00039-K,West Coast
2011,121,138,3954,0.034901366,4121,CTY,G00005-D,Canterbury
2011,123,6,594,0.01010101,4123,SCY,G00025-K,South Canterbury
2011,160,87,2392,0.036371237,4160,SRN,G02328-E,Southern
2012,11,346,1383,0.250180766,1011,NLD,G00026-A,Northland
2012,21,189,3016,0.062665782,1021,NWA,G00013-C,Waitemata
2012,22,150,2421,0.061957869,1022,CAK,G00011-K,Auckland
2012,23,338,2480,0.136290323,1023,SAK,G00012-A,Counties Manukau
2012,31,427,2673,0.159745604,2031,WKO,G00027-C,Waikato
2012,42,201,795,0.252830189,2042,LKS,G00028-E,Lakes
2012,47,302,1774,0.170236753,2047,BOP,G00031-E,Bay of Plenty
2012,51,153,407,0.375921376,2051,TRW,G00029-G,Tairawhiti
2012,61,193,1347,0.143281366,3061,HWB,G00032-G,Hawke's Bay
2012,71,93,962,0.096673597,2071,TKI,G00030-C,Taranaki
2012,81,135,1291,0.104570101,3081,MWU,G00033-J,Midcentral
2012,82,114,644,0.177018634,3082,WNI,G00035-B,Whanganui
2012,91,105,1686,0.06227758,3091,CAP,G00036-D,Capital and Coast
2012,92,92,987,0.093211753,3092,HUT,G00006-F,Hutt
2012,93,42,416,0.100961538,3093,WRP,G00037-F,Wairarapa
2012,101,41,1152,0.035590278,3101,NLM,G00038-H,Nelson Marlborough
2012,111,11,256,0.04296875,4111,WCO,G00039-K,West Coast
2012,121,133,3771,0.035269159,4121,CTY,G00005-D,Canterbury
2012,123,8,621,0.012882448,4123,SCY,G00025-K,South Canterbury
2012,160,86,2439,0.035260353,4160,SRN,G02328-E,Southern
2013,11,372,1410,0.263829787,1011,NLD,G00026-A,Northland
2013,21,178,2773,0.064190408,1021,NWA,G00013-C,Waitemata
2013,22,135,2348,0.057495741,1022,CAK,G00011-K,Auckland
2013,23,357,2579,0.138425746,1023,SAK,G00012-A,Counties Manukau
2013,31,392,2634,0.148823083,2031,WKO,G00027-C,Waikato
2013,42,211,795,0.265408805,2042,LKS,G00028-E,Lakes
2013,47,281,1772,0.158577878,2047,BOP,G00031-E,Bay of Plenty
2013,51,156,408,0.382352941,2051,TRW,G00029-G,Tairawhiti
2013,61,205,1260,0.162698413,3061,HWB,G00032-G,Hawke's Bay
2013,71,93,900,0.103333333,2071,TKI,G00030-C,Taranaki
2013,81,159,1386,0.114718615,3081,MWU,G00033-J,Midcentral
2013,82,84,586,0.14334471,3082,WNI,G00035-B,Whanganui
2013,91,131,1646,0.079586877,3091,CAP,G00036-D,Capital and Coast
2013,92,94,946,0.099365751,3092,HUT,G00006-F,Hutt
2013,93,44,395,0.111392405,3093,WRP,G00037-F,Wairarapa
2013,101,42,1192,0.035234899,3101,NLM,G00038-H,Nelson Marlborough
2013,111,14,292,0.047945205,4111,WCO,G00039-K,West Coast
2013,121,133,3499,0.03801086,4121,CTY,G00005-D,Canterbury
2013,123,19,557,0.034111311,4123,SCY,G00025-K,South Canterbury
2013,160,104,2359,0.044086477,4160,SRN,G02328-E,Southern
2014,11,328,1356,0.241887906,1011,NLD,G00026-A,Northland
2014,21,195,2983,0.065370432,1021,NWA,G00013-C,Waitemata
2014,22,164,2410,0.068049793,1022,CAK,G00011-K,Auckland
2014,23,373,2656,0.140436747,1023,SAK,G00012-A,Counties Manukau
2014,31,415,2625,0.158095238,2031,WKO,G00027-C,Waikato
2014,42,192,850,0.225882353,2042,LKS,G00028-E,Lakes
2014,47,277,1792,0.154575893,2047,BOP,G00031-E,Bay of Plenty
2014,51,133,378,0.351851852,2051,TRW,G00029-G,Tairawhiti
2014,61,208,1351,0.15396003,3061,HWB,G00032-G,Hawke's Bay
2014,71,100,939,0.106496273,2071,TKI,G00030-C,Taranaki
2014,81,143,1418,0.100846262,3081,MWU,G00033-J,Midcentral
2014,82,85,592,0.143581081,3082,WNI,G00035-B,Whanganui
2014,91,119,1651,0.072077529,3091,CAP,G00036-D,Capital and Coast
2014,92,80,1016,0.078740157,3092,HUT,G00006-F,Hutt
2014,93,37,442,0.083710407,3093,WRP,G00037-F,Wairarapa
2014,101,46,1109,0.04147881,3101,NLM,G00038-H,Nelson Marlborough
2014,111,15,270,0.055555556,4111,WCO,G00039-K,West Coast
2014,121,181,3761,0.048125499,4121,CTY,G00005-D,Canterbury
2014,123,18,596,0.030201342,4123,SCY,G00025-K,South Canterbury
2014,160,117,2471,0.047349251,4160,SRN,G02328-E,Southern
