#  The Gapminder data for 2008 only with fewer vatriables,,,,,,,,,,,,,,,,,,,,,,,,,,
Country,Region,Year,AgriculturalLand,BodyMassIndex_M,BodyMassIndex_F,Cellphones,ChildrenPerWoman,CO2Emissions,EnergyUsePerPerson,Exports,GDPpercapita,Governmenthealthspendingperpersontotal,Imports,IncomePerPerson,Infantmortality,Inflation,Internetusers,LifeExpectancy,Populationtotal,Populationgrowth,Populationdensity,Residentialelectricityuseperperson,Teenfertilityrate,TotalhealthspendingperpersonUS,UrbanpopulationTotal,Urbanpopulationgrowth
Afghanistan,South Asia,2008,58.12366803,20.62058,21.07402,26.47087999,6.196,0.126563922,,26.67611975,,3.74461289,47.65483333,2954.417524,77.6,19.64346248,1.688485448,58.618,29839994,2.831299639,45.761,,115,31.80972721,22.6962,3.994961219
Albania,Europe & Central Asia,2008,43.10218978,26.44657,25.65726,58.45331469,1.761,1.297752738,0.655651275,29.51131757,1804.419415,109.0742842,56.11927665,19096.59108,17.4,4.360904563,23.86,76.433,3181397,0.369450443,110.665,636.3413834,11.2,275.1425204,50.1148,2.596203466
Algeria,Middle East & North Africa,2008,17.34404259,24.5962,26.36841,78.51588828,2.725,3.232666515,1.08761925,46.27365752,2173.787903,147.8207065,22.9086299,18488.15952,19.8,14.60217944,10.18,70.332,34428028,1.526116691,14.455,590.5098143,7,185.8482335,69.89,3.0645753
American Samoa,East Asia & Pacific,2008,25,,,,,,,,,,,,,,,,66217,1.6551955,332.749,,,,92.3,2.023152238
Andorra,Europe & Central Asia,2008,38.29787234,27.63048,26.43196,77.74804122,,6.527241242,,,21943.3399,2369.684492,,111139.5081,3,3.185098698,70.04,,82577,1.447877605,176.447,,8.9,3391.470029,88.8082,0.891372396
Angola,Sub-Saharan Africa,2008,46.27416379,22.25083,23.48431,37.55055726,6.434,1.442642492,0.657618232,78.09852295,622.566879,125.54511,51.22579473,16465.37324,109.7,19.68160897,4.6,49.882,18037964,2.882927374,14.469,172.9992274,167,148.8788168,56.6046,4.462704179
Anguilla,America,2008,,,,,,3.980909729,,,,,,72436.12147,,,,,14737,,161.945,,,,,
Antigua and Barbuda,America,2008,29.54545455,25.76602,27.50545,157.2173433,2.164,5.14880507,,46.16573957,13352.16854,408.58569,67.09407114,51679.74211,10.5,3.021692885,75.03,75.087,86881,1.094816972,196.563,,,601.8928464,30.1824,0.598410103
Argentina,America,2008,51.52209421,27.5017,27.46523,117.1083875,2.241,4.585560931,1.930172655,24.47541308,9935.834246,437.0032935,20.65042544,40373.84624,13.8,19.06845032,28.11262348,75.41,39714298,0.875629394,14.284,768.4282997,67.4,698.4512684,91.9622,1.086154641
Armenia,Europe & Central Asia,2008,61.34129213,25.35542,27.1342,46.83206418,1.4,1.804106217,0.973201147,15.0471035,1520.033931,63.53859502,40.65575862,16040.94197,17.9,5.989562361,6.21,74.07,3079087,0.159460015,103.325,603.7630576,27.2,142.7182745,64.1132,0.122656896
Aruba,America,2008,11.11111111,,,114.4798438,1.726,21.68186039,,,,,,76064.92269,,,34.2,74.772,105526,1.240534428,586.256,,35.8,,46.7062,1.316356101
Australia,East Asia & Pacific,2008,54.31810786,27.56373,26.87777,102.8176451,1.956,18.2656569,5.778817313,19.88292009,25190.72063,2875.460883,21.75122708,103332.9992,4.3,4.611955757,71.7210626,81.567,21513817,2.001429237,2.779,2825.391095,16.8,4229.033066,88.7004,2.196432346
Austria,Europe & Central Asia,2008,38.45967253,26.46741,25.09414,129.6601719,1.411,8.178764487,4.023800859,59.26723174,27305.92329,3976.358149,53.51060924,110100.9217,3.6,1.763741978,72.91265428,80.51,8341806,0.434411324,99.475,2068.123309,11.202,5153.358661,67.086,0.709062958
Azerbaijan,Europe & Central Asia,2008,57.5647543,25.65117,27.50879,73.21436558,1.986,5.918422112,1.51548132,65.7774117,2110.970428,45.04588745,23.46733444,16661.02525,36.9,27.73015196,17.43121254,70.142,8943600,2.099854033,103.275,921.5621108,33,233.8604458,52.9962,2.482499362
Bahamas,America,2008,1.298701299,27.24594,29.13948,107.3095147,1.889,7.373751601,,46.04148351,20911.59943,829.1848864,54.02514155,45120.15489,14.9,1.488889903,31.54,74.407,333661,1.44903384,24.042,,31,1833.425569,83.6656,1.687408411
Bahrain,Middle East & North Africa,2008,9.210526316,27.83721,28.79094,136.9097428,2.229,23.09002916,8.7847075,96.84896908,12505.21254,565.1189489,74.31211599,63077.87199,9.1,11.54122563,51.95,75.914,1052359,12.82037337,1516.367,7314.355637,15,793.4660518,88.5384,12.86533572
Bangladesh,South Asia,2008,69.00207421,20.39742,20.54531,30.68498876,2.377,0.31921141,0.191053023,20.33960131,508.5557725,49.06882266,28.75147667,2940.664296,42.8,8.789101226,2.5,68.648,145478300,1.05136453,1010.28,68.11522858,77,,26.9908,2.738682722
Barbados,America,2008,44.18604651,26.38439,29.22169,106.0555515,1.831,5.523305654,,60.04552356,9781.356913,627.514953,64.19105691,33919.80138,18.2,7.462771169,66.5,74.539,272180,0.206694471,632.977,,42,958.1784845,42.8062,1.47953083
Belarus,Europe & Central Asia,2008,43.94775752,26.16443,26.64186,83.96095733,1.416,6.48817388,2.931195793,60.93775522,2510.27848,242.9644738,68.66172333,23067.47998,5.6,21.1604911,23.18848886,69.194,9680690,-1.036063971,46.631,614.9072872,20.794,373.3470911,73.7106,-0.420694163
Belgium,Europe & Central Asia,2008,45.34346103,26.75915,25.1446,106.9753382,1.819,9.890022172,5.469581576,84.93280404,25082.37413,3563.699189,83.72652364,67013.20352,3.7,2.157311729,65.33564762,79.777,10602167,0.789976845,347.293,1920.962215,10,4754.275222,97.3904,0.823661402
Belize,America,2008,6.663743972,27.02255,29.81663,53.48001751,2.907,1.36012592,,61.86651999,3684.074728,137.8537704,70.04489586,14594.04525,17.1,3.1914144,10.50720419,72.772,299237,3.346271811,13.03,,77,218.9570745,45.5022,2.755521358
Benin,Sub-Saharan Africa,2008,30.69065268,22.41835,23.74026,43.38648489,5.273,0.537539184,0.392489451,15.24092762,373.5066867,17,28.84782463,2895.273853,66.9,7.121005393,1.85,58.272,8355980,2.956236975,74.195,38.22294336,109,33,42.956,4.483342337
Bermuda,America,2008,0,28.41894,30.31529,122.183213,,6.011207861,,26.34129685,67554.23287,,36.13927456,152192.5456,,2.686393411,82.88584268,,64657,0.3125,1219.943,,16,,100,0.312012734
Bhutan,South Asia,2008,13.07632196,22.8218,22.88243,36.13378522,2.506,0.60121031,,46.58583826,1208.403311,80.91950447,57.70979056,9159.314208,41,5.693203688,6.55,65.981,701363,1.839262637,14.923,,49,94.06479136,33.2618,4.167905831
Bolivia,America,2008,33.98781501,24.43335,26.8633,52.3846526,3.477,1.442121852,0.617864845,44.906556,1182.464638,55.6030594,37.9604649,7912.793374,38.4,10.38118174,12.5,65.728,9618466,1.624281601,8.755,213.0616137,78,85.35091165,65.515,2.301222343
Bosnia and Herzegovina,Europe & Central Asia,2008,41.76470588,26.61163,26.35874,84.23152783,1.218,8.268586103,1.577568701,41.06450461,2222.564552,294.1922506,77.88623144,15479.95305,7.2,7.556584433,34.66,75.608,3774164,-0.128952019,73.718,927.1194974,16,505.6025539,46.7438,0.934793991
Botswana,Sub-Saharan Africa,2008,45.6160782,22.12984,26.09156,76.00645992,2.86,2.547205491,1.100672082,42.12054977,4223.234151,407.2406372,41.7771791,26480.12212,46.1,17.32000786,6.25,46.384,1954822,1.405456219,3.36,454.7957053,50,535.9908441,59.5142,2.642020662
Brazil,America,2008,31.29056129,25.78623,25.99113,78.64616123,1.897,2.023772836,1.296541229,13.6631968,4478.809189,305.7357418,13.47468092,19363.09671,16.7,8.332879387,33.83,72.572,191543237,0.915284629,22.497,498.1653052,76,714.9898562,83.7346,1.274442514
British Virgin Islands,America,2008,,27.31079,28.92512,,,4.51044138,,,,,,90026.54866,13.6,,,,22762,,150.742,,,,,
Brunei,East Asia & Pacific,2008,2.087286528,24.18179,22.89231,103.681358,2.095,27.60281956,9.433509663,78.29923669,17722.65838,754.3002887,27.61460739,93050.46494,6.9,12.69238156,46,77.566,384695,1.884580735,66.729,3067.498901,25,877.0618037,74.7654,2.442272554
Bulgaria,Europe & Central Asia,2008,46.96620937,26.54286,25.51574,137.3807092,1.433,6.690139082,2.596119577,58.21740234,2661.640139,277.5574139,78.73204869,22853.75981,11.8,8.41565821,39.50310114,73.317,7591322,-0.475936534,68.445,1380.869289,42,474.172846,71.586,0.181375069
Burkina Faso,Sub-Saharan Africa,2008,45.1754386,21.27157,21.63031,19.49145802,6.037,0.109655497,,,270.1248597,21.56151702,,2441.906737,76.2,9.161945647,0.92,54.174,15515258,2.970687326,56.625,,123,36.5127274,24.015,6.470748008
Burundi,Sub-Saharan Africa,2008,85.28037383,21.50291,21.27927,6.050115914,6.481,0.024464801,,6.512722906,135.862446,6.80837092,,914.8089951,75.9,28.16345618,0.81,51.578,7943385,3.010916872,285.384,,19,18.31932186,10.1352,5.542900062
Cambodia,East Asia & Pacific,2008,31.46952187,20.80496,21.69608,30.65260163,3.051,0.358373309,0.254186247,65.5432507,538.1334555,12.65904548,67.77700868,3594.400757,41.8,12.25378661,0.51,69.71,13822644,1.111492715,76.353,51.58131958,40,38.85543014,19.558,1.768107366
Cameroon,Sub-Saharan Africa,2008,19.48975059,23.68173,24.9527,32.84272035,5.167,0.295541639,0.340917516,31.06591982,650.0360972,13.04549914,35.53621417,4040.196459,69.9,4.197871097,3.4,52.878,18758778,2.203102945,39.455,59.55124498,125,63.83446755,50.3236,3.390887392
Canada,America,2008,7.433873169,27.4521,26.69829,66.28819759,1.6808,16.35039863,7.945846493,35.11716845,26101.76407,3258.486529,33.59410958,71956.4191,5,4.109690014,76.72038636,80.743,33327954,1.175475786,3.343,4772.370648,13.4138,4622.626436,80.3812,1.283021416
Cayman Islands,America,2008,8.333333333,,,177.7972692,,9.814027791,,,,,,98763.12276,,,61,,55295,1.120276506,209.451,,,,100,1.120276506
Central African Republic,Sub-Saharan Africa,2008,8.363029311,20.99095,22.40158,,4.809,,,,,,23.59234234,1422.881306,,,,46.769,4237961,,,,105,,,
Chad,Sub-Saharan Africa,2008,39.09625159,21.48569,21.95424,15.01816917,6.805,0.046462461,,52.8,283.2750275,6.04398315,50.2,3312.952546,96.3,11.9427083,1.19,48.881,10653762,2.681872422,8.297,,159,28.03009406,21.6942,2.785179169
Channel Islands,Europe & Central Asia,2008,42.10526316,,,,1.424,,,,,,,,,,,79.57,151705,0.671973533,777.974,,10,,30.9074,0.953207519
Chile,America,2008,21.16525224,27.01542,27.92807,88.09806834,1.888,4.207949073,1.804632441,41.50668497,6581.357952,336.9105548,41.07065621,27306.59925,7.8,0.473024863,37.3,78.561,16795593,0.971258603,22.198,532.5151772,58,764.7971784,88.4144,1.270072293
China,East Asia & Pacific,2008,56.02199093,22.92176,22.91041,48.27650502,1.63,5.29789957,1.574831307,34.97950937,2032.61498,78.2202325,27.26426556,12963.19733,15.8,7.797851283,22.66176993,74.57,1328275524,0.512386932,138.406,331.376632,9,156.5990529,46.5444,3.435383537
Colombia,America,2008,38.40829202,24.94041,26.22529,91.90986394,2.43,1.47609182,0.648981524,17.78948399,3131.177668,266.1789425,20.27222542,14372.18202,17,7.768531587,25.6,72.997,45005782,1.462579403,39.516,404.5913654,73,376.9990035,74.4444,1.849925867
Comoros,Sub-Saharan Africa,2008,80.64516129,22.06131,22.44433,13.16162483,5.051,0.178853064,,13.90981033,341.2159913,23.22485312,48.2827568,2052.05069,63.8,5.505984111,3,59.771,697034,2.679939047,374.548,,57,34.45666035,27.932,2.747984533
Cook Islands,East Asia & Pacific,2008,,,,,,3.480027308,,,,420.0260321,,,10.4,,,,,,84.826,,,448.6609036,,
Costa Rica,America,2008,35.25264395,26.47897,27.03497,41.71867025,1.909,1.911933419,1.014460904,45.43520025,5196.689144,413.1338945,55.19153428,19663.0951,9.1,12.40776103,32.29,78.896,4522124,1.549180305,88.496,798.3405996,65,617.698283,63.194,2.337161378
Cote d'Ivoire,Sub-Saharan Africa,2008,63.83647799,22.56469,23.82088,55.0325599,4.913,0.369428069,0.541320704,46.51204624,574.9350967,17.05693465,38.80295689,3018.455016,83.9,7.998622645,1.9,48.753,18987007,1.808282045,58.881,70.38744444,125,71.8341187,49.0686,3.336553039
Croatia,Europe & Central Asia,2008,23.01644031,26.59629,25.17882,103.0868731,1.432,5.289562306,2.043194181,42.0644641,6793.44909,1038.836199,49.9386845,29836.90147,5.1,6.088868342,50.42182729,76.149,4418387,-0.045095829,78.149,1494.410268,13,1224.051693,57.0846,0.351945318
Cuba,America,2008,61.34911687,25.06867,26.57614,2.944340083,1.498,2.644174835,0.932904822,20.56763948,4337.776952,557.0487718,24.34965513,18519.89044,4.9,-0.344016256,12.94,78.358,11266905,-0.015814983,101.631,528.7873497,45,584.6386615,75.369,-0.117926851
Cyprus,Europe & Central Asia,2008,12.44588745,27.41899,25.92587,94.40464772,1.493,7.94273481,2.401262394,45.43876902,15620.66611,796.0664683,56.18672991,51801.24839,3.3,5.057041426,42.31,79.045,1077001,1.305982783,116.42,2123.762863,6,1917.63775,69.9642,1.554131456
Czech Republic,Europe & Central Asia,2008,54.93851133,27.90524,26.51348,,1.434,,,,,,72.53958667,46589.75265,,,,77.26,10377359,,,1438.780412,11,,,
Denmark,Europe & Central Asia,2008,62.88003771,26.13287,25.10627,119.2762572,1.8923,8.521498021,3.495098952,54.7348433,32320.10054,5390.313138,51.56215776,69258.2024,3.6,4.231711987,85.0771224,78.408,5497312,0.58754759,127.566,1884.299342,6.2,6345.456782,86.4194,0.805096373
Djibouti,Middle East & North Africa,2008,73.38222606,23.38403,24.38177,13.18878589,3.755,0.612799524,,,869.0854807,56.08224869,,4211.371645,73,9.523655216,2.26,59.292,855636,1.909456281,36.881,,22,82.4769433,76.9038,1.971370956
Dominica,America,2008,30.66666667,24.5727,28.7839,133.5113485,,1.88285235,,35.12263621,6071.023247,204.2066128,61.92300493,19964.33605,12.2,1.10665931,41.16,,68159,-0.40265661,90.758,,,328.0999276,66.996,-0.354881154
Dominican Republic,America,2008,50.64155629,25.19668,26.87005,,2.652,,,,,,39.23876391,12391.38216,,,,72.286,9664948,,,457.6448423,108,,,
East Germany,Europe & Central Asia,2008,,,,,,,,,,,,,,,,,16384470,,,,,,,
Ecuador,America,2008,29.9766468,25.58841,27.06269,83.1236759,2.728,2.110517801,0.784493844,37.86205653,1710.53306,71.6382421,37.79025232,14183.47173,22.2,11.08580283,18.8,75.172,14056740,1.483690803,49.572,314.8261997,82,270.0646005,65.5606,2.481936235
Egypt,Middle East & North Africa,2008,3.558189763,26.73243,30.09997,52.71313013,2.954,2.685046111,0.917523723,33.04299274,1858.858447,42.71494519,38.63763261,11524.51889,21.6,12.20398446,18.01,70.042,78323298,1.779877801,78.21,536.7604507,45,101.233189,43.2358,1.940985218
El Salvador,America,2008,74.95173745,26.36751,27.84092,113.3951848,2.319,1.063577322,0.733985162,26.88162008,2629.937905,128.29494,49.6985675,11654.35322,16.4,5.254720102,10.08,71.41,6129628,0.470300681,291.318,256.0991513,81,215.9348711,63.2272,1.30633884
Equatorial Guinea,Sub-Saharan Africa,2008,11.0516934,23.7664,24.52837,27.17690808,5.314,7.26881636,,78.80650079,8603.111686,418.3547275,31.55808998,30119.18142,80.8,23.68635997,1.82,50.347,662327,2.81600494,23.612,,121,750.7492863,39.1522,3.052285928
Eritrea,Middle East & North Africa,2008,74.97029703,20.88509,21.08232,2.195665263,5.163,0.083745644,0.136885523,4.434495759,146.8084041,5.38802777,26.13430726,1124.029866,42.4,16.08673675,4.06,60.236,4947521,3.057056175,42.071,20.28813109,64,10.65961855,20.162,4.904186655
Eritrea and Ethiopia,Middle East & North Africa,2008,,,,,,,,,,,,,,,,,83282565,,,,,,,
Estonia,Europe & Central Asia,2008,21.39655579,26.26446,25.18598,121.034985,1.619,13.69524157,4.05787234,71.0479147,6783.903384,836.0005608,75.62248279,37967.55305,4.2,5.327443615,70.65738833,73.23,1342145,-0.074337887,29.759,1411.230532,21,1057.761804,69.4466,-0.063969672
Ethiopia,Sub-Saharan Africa,2008,34.513,20.247,20.71463,2.46018263,5.193,0.089490083,0.395909374,11.40412621,190.8632151,7.28726668,30.83498027,1531.882424,57.3,30.31248562,0.45,59.673,79446419,2.199031881,71.943,15.05623591,68,14.04323536,16.3342,3.50169688
Faeroe Islands,Europe & Central Asia,2008,2.158273381,,,112.8876268,,14.56194141,,,,,,,,,75.57,,48597,0.051456741,34.737,,,,40.468,0.618943117
Falkland Islands (Malvinas),America,2008,,,,,,19.6012919,,,,,,,,,,,,,0.246,,,,,
Fiji,East Asia & Pacific,2008,23.42638205,26.53078,29.33941,71.11945579,2.736,1.282125745,,51.22439976,2296.09836,115.5430891,72.17012527,8371.994523,19.1,3.293645182,13,68.903,843651,0.998746775,46.167,,45,153.0510915,51.0506,1.771944476
Finland,Europe & Central Asia,2008,7.555116815,26.73339,25.58418,128.4719884,1.85,10.54824622,6.638822531,46.83470674,28789.54385,3166.920942,43.08235041,66324.80547,2.7,2.945294579,83.71621739,79.699,5316334,0.465549285,15.722,4036.953993,8.7,4253.864436,83.2968,0.622461063
France,Europe & Central Asia,2008,53.53503999,25.85329,24.82949,93.35504274,1.973,6.070348368,4.113621539,26.94885927,23366.40262,3839.004847,29.05361317,60919.44264,3.6,2.542074026,68.18519055,81.254,62098413,0.558432414,112.599,2539.753273,7,4940.962108,83.7594,1.439577793
French Guiana,America,2008,,,,,3.257,3.150988265,,,,,,,,,,76.009,219931,,2.444,,,,,
French Polynesia,East Asia & Pacific,2008,12.29508197,30.86752,32.06648,70.74366544,2.156,3.354237465,,,,,,52702.50293,,,33.87,75.109,264541,1.215487519,66.135,,51,,51.5636,1.076338862
Gabon,Sub-Saharan Africa,2008,19.9479955,24.0762,25.95121,89.63600885,4.275,1.55484,1.371708807,66.56721409,4161.431603,115.0856925,32.00687798,24906.78125,47.8,14.66683049,6.21,61.43,1450310,1.856246192,5.418,537.1047381,88,263.3327643,84.9004,2.409952754
Gambia,Sub-Saharan Africa,2008,65.5,21.65029,24.82101,71.27504497,5.798,0.251002329,,23.45294726,615.0835921,12.65679575,48.28559211,1478.670847,52.6,4.473146822,6.88,57.588,1636107,2.77325281,144.852,,75,26.37122177,55.242,4.061336426
Georgia,Europe & Central Asia,2008,36.30738236,25.54942,26.45014,62.7008583,1.788,1.419429779,0.685393389,28.61997221,1249.004619,51.83188353,58.40357734,8691.31155,20.4,9.707409287,10.03356073,73.599,4394018,-0.107157931,63.042,617.9255518,44,261.8769209,52.6332,-0.003747665
Germany,Europe & Central Asia,2008,48.53856524,27.16509,25.73903,127.9450964,1.368,9.537169835,4.068953992,48.15223543,25620.07539,3611.940942,41.83765866,66314.48792,3.6,0.773766488,78.34689488,80.06,82475271,-0.190142845,231.009,1693.891898,10,4718.159173,73.631,-0.065117348
Ghana,Sub-Saharan Africa,2008,68.11989101,22.84247,24.33014,49.7349659,4.188,0.366600849,0.385049357,25.02942973,336.3518402,39.76349477,44.48471928,2782.374066,53.6,20.20210176,4.27,60.051,23264176,2.400350372,97.53,97.24649212,69,68.51149554,49.8066,3.824309565
Gibraltar,Europe & Central Asia,2008,,,,,,14.39774189,,,,,,,,,,,29287,,4881.167,,,,,
Greece,Europe & Central Asia,2008,63.84018619,26.33786,24.92026,122.2066583,1.459,8.661884969,2.706980292,24.13023643,14711.61049,1845.335169,38.55507109,54512.93474,4.1,4.720160003,38.3859944,79.89,11291807,0.395286138,85.572,1690.718434,12,3078.408214,60.8578,0.692484694
Greenland,America,2008,0.572542332,26.01359,26.68019,97.3812307,2.247,10.04355892,,,21937.29475,,,75739.79102,,-23.48173174,63.92298573,,57317,-0.402186877,0.026,,53.2,,83.773,-0.037443377
Grenada,America,2008,35.29411765,25.17988,27.31948,57.86758964,2.282,2.368487864,,22.80187018,6487.66739,213.8970216,54.47435273,18597.69525,12.2,7.151139968,23.18,72.064,103723,0.342844786,301.52,,41,474.0900717,38.1942,1.156214325
Guadeloupe,America,2008,,,,,2.132,3.81770775,,,,,,,,,,79.548,455247,,267.007,,,,,
Guam,East Asia & Pacific,2008,35.18518519,,,,2.529,,,,,,,,,,48.41870215,77.505,175538,1.263517463,319.741,,51,,93.1456,1.278763575
Guatemala,America,2008,39.36170213,25.29947,26.84324,109.1871167,4.119,0.911923193,0.595795468,24.71826452,1892.332607,68.5392064,39.40697228,10523.42124,30.1,9.440697064,8.3,70.488,13690846,2.454894662,125.732,187.3248822,106,198.5067007,48.4656,3.348579366
Guernsey,Europe & Central Asia,2008,,,,,,,,,,,,,,,,,65726,,,,,,,
Guinea,Sub-Saharan Africa,2008,57.95214065,22.52449,22.45206,28.7683686,5.343,0.1269644,,34.93271676,398.9990312,3.60337113,38.63635161,1941.803749,75,14.10684796,0.92,54.495,9559110,1.959537216,38.881,,153,25.97621308,34.1188,3.211820845
Guinea-Bissau,Sub-Saharan Africa,2008,57.9658606,21.64338,22.92809,34.40437432,5.247,0.19420944,,,157.7455097,5.07197533,,1164.875067,89.6,10.46117117,2.354888711,53.1,1453757,2.054730676,40.242,,108,33.13959396,41.75,3.830890461
Guyana,America,2008,8.509017018,23.68465,26.47019,59.57718294,2.743,2.073415312,,,1126.971645,139.3928285,,7339.569213,31.9,9.020371708,18.2,65.317,751578,0.201112714,3.496,,65,153.5078345,28.3098,0.203232143
Haiti,America,2008,64.22351234,23.66302,23.27785,32.86658672,3.5,0.250059947,0.284842588,12.73115448,390.2099781,8.92405727,44.19130851,2383.672237,61.6,12.89485194,7.6,60.911,9736332,1.322122347,350.859,9.192394708,45,35.33440734,48.8268,4.614950444
Holy See,Europe & Central Asia,2008,,,,,,,,,,,,,,,,,450,,1022.727,,,,,
Honduras,America,2008,28.4565198,25.10872,26.73191,85.04628809,3.273,1.165361358,0.636409173,51.32528053,1440.680055,70.81831128,84.4236886,7241.998427,22.5,7.790484515,9.6,72.235,7302742,1.990487083,65.152,278.739635,92,115.6885845,50.4058,3.159059438
Hong Kong China,East Asia & Pacific,2008,,,,,,,,,35210.31049,,,81542.74562,,,,,,,,,,,,
Hungary,Europe & Central Asia,2008,64.61332441,27.11568,25.97839,121.9746762,1.333,5.452865858,2.635779983,81.65984188,5947.158309,794.0160016,81.20562055,35844.54335,6.2,5.275909336,55.9090561,73.48,10021886,-0.175097367,107.725,1154.179932,20,1118.725978,67.925,0.593398249
Iceland,Europe & Central Asia,2008,22.75311721,27.20687,26.02599,108.4515203,2.118,7.140573262,16.86846831,44.39983918,37927.11904,4117.228351,47.11891975,75843.90701,2.1,11.83592812,89.06540354,81.846,310666,1.859572171,3.016,2826.044873,15,4929.152945,93.3892,1.98536172
India,South Asia,2008,60.44282404,20.95956,21.31478,29.1292787,2.643,1.513182716,0.525737715,23.60124526,689.2731963,11.92058097,28.91185738,5211.54185,50.7,8.664642299,4.38,65.07,1190863679,1.428626953,362.266,110.7054664,84,43.12475092,30.252,2.555539901
Indonesia,East Asia & Pacific,2008,28.70438349,21.85576,22.98693,59.83296554,2.479,1.755512403,0.795563971,29.80828417,1052.433389,24.80030645,28.75311546,7373.206108,29.9,18.14975247,7.917479385,69.705,234951154,1.065195906,123.362,221.9614614,45,53.36093578,48.3292,2.728893119
Iran,Middle East & North Africa,2008,29.65460072,25.31003,27.23608,59.48322276,1.88,8.025001472,2.819203221,,2148.230421,128.0676512,,23358.3786,18.3,17.40044738,10.24,72.445,72289291,1.188108258,43.86,753.2098022,29,276.5624408,68.386,1.592516264
Iraq,Middle East & North Africa,2008,21.60642019,26.71017,28.41117,58.78045692,4.343,3.790588886,0.942801998,,743.6913386,119.9536694,,6993.368385,31,31.86406898,0.988165135,68.659,29821136,3.023599714,68.036,,96,160.7317652,66.7384,2.827267957
Ireland,Europe & Central Asia,2008,60.9667586,27.65325,26.62176,115.972488,2.002,9.970978507,3.37930507,83.43857135,30130.64042,4019.968481,74.38023829,76327.82359,3.8,-2.332125516,64.26494271,79.94,4352866,1.565670641,61.942,2051.802338,18,5241.043435,61.3296,2.030145429
Isle of Man,Europe & Central Asia,2008,73.68421053,,,,,,,,,,,,,,,,81798,0.730060113,143.003,,,,50.8328,0.493485229
Israel,Middle East & North Africa,2008,23.79852126,27.13151,27.30192,126.6439604,2.916,9.771644199,3.130975263,40.27547052,21941.10572,1251.194187,41.55197617,52072.78469,3.9,1.315560398,57.63095479,80.836,7092324,1.776579106,320.268,2342.435248,14,2073.08313,91.701,1.84312178
Italy,Europe & Central Asia,2008,49.11606718,26.4802,24.79289,150.8411572,1.392,7.468942285,2.941635988,28.45625134,19903.45694,2690.768796,29.28830866,55901.90409,3.5,2.533158422,44.57413393,81.236,59891479,0.766549688,198.765,1176.385457,7,3471.678586,67.9672,0.952694888
Jamaica,America,2008,41.45891043,24.00421,27.22601,100.1117899,2.387,4.391456474,1.58665972,41.9356394,,145.813855,69.1895082,14548.04347,16.2,12.86121928,23.89053855,72.36,2720282,0.425135826,247.501,368.4346061,76,272.3255776,52.006,0.411676746
Japan,East Asia & Pacific,2008,12.69684499,23.50004,21.87088,87.23798653,1.343,9.542690492,3.878907112,17.71116378,40433.00131,2627.896816,17.39928577,62159.34159,2.5,-1.2652014,74.71545815,82.81,126544640,-0.052224332,334.887,2257.572233,5,3253.102022,88.7158,0.981781221
Jersey,Europe & Central Asia,2008,,,,,,,,,,,,,,,,,91533,,,,,,,
Jordan,Middle East & North Africa,2008,11.01541251,27.47362,29.21801,90.84642856,3.586,3.662935399,1.221526525,56.50591605,2497.539317,203.9407889,84.71571397,10074.33231,18.4,19.86802656,23.2462236,73.074,5848952,2.18368359,65.467,719.4765302,26,329.5521428,81.9546,2.500457457
Kazakhstan,Europe & Central Asia,2008,76.97151535,26.29078,26.65065,95.24269826,2.51,14.65439865,4.479042266,57.24992623,2380.085304,192.8559922,37.14355081,20954.36549,23,20.93653821,10.98690864,65.801,15655345,1.21835923,5.745,484.098988,29,329.8068498,54.1268,0.854323457
Kenya,Sub-Saharan Africa,2008,47.79140458,21.59258,23.06181,42.39603637,4.761,0.266308378,0.461009577,27.60697712,456.2504868,13.09886831,41.67450986,2872.197338,55.1,13.41069588,8.67,57.648,38455418,2.555218074,66.261,41.18000321,100,32.99259206,22.8126,4.231427589
Kiribati,East Asia & Pacific,2008,41.97530864,29.2384,31.30769,1.035925911,3.133,0.531775301,,,743.1437139,144.280328,,6350.558688,49.6,4.536134004,7,67.294,96532,1.554513882,132.964,,,171.1082454,43.7046,1.671732696
Kuwait,Middle East & North Africa,2008,8.47362514,29.17211,31.16186,114.0737677,2.681,31.29474707,10.93506507,66.75921252,25308.08492,873.8055228,25.68327874,91241.19279,9.8,15.84701933,42,73.812,2548351,4.024946784,143.021,8362.567977,14,1116.629404,98.216,4.038183793
Kyrgyzstan,Europe & Central Asia,2008,55.92805005,24.74743,25.68361,,2.815,,,,,,92.55712613,4036.401098,,,,66.816,5204104,,,428.3123071,34,,,
Lao,East Asia & Pacific,2008,,,,,,,,,490.2975328,,,,,,,,,,,,,,,
Latvia,Europe & Central Asia,2008,29.34555395,26.45693,25.61513,101.2069401,1.501,3.341848663,1.978958507,42.81595421,6055.664808,608.6408763,56.46459725,31974.02003,9,14.38327941,63.55282048,71.635,2271198,-0.44058075,35.158,904.6694454,17,974.2990638,67.8296,-0.52428496
Lebanon,Middle East & North Africa,2008,67.15542522,27.20117,27.70471,34.24595894,1.57,4.086476446,1.301907526,24.42827214,5895.082206,241.0183276,53.46565222,24033.9665,9.7,9.859347698,22.53,78.392,4166915,0.771958113,400.665,913.8456602,16,555.7630181,86.9096,0.902293295
Lesotho,Sub-Saharan Africa,2008,77.7997365,21.90157,26.78052,27.88439663,3.335,,,56.27882293,465.6937471,46.44791055,121.0069136,3250.937206,82.1,13.24571843,3.58,45.825,2127412,1.005502692,70.084,,71,66.26062832,25.4186,3.855485099
Liberia,Sub-Saharan Africa,2008,27.09717608,21.89537,23.21679,23.36029368,5.19,0.157352183,,34.36582383,228.1123148,9.06686013,172.6076555,875.4272023,67.6,7.436566201,0.53,58.132,3658460,5.081578438,32.85,,139,27.47533374,47.101,5.827437072
Libya,Middle East & North Africa,2008,8.837537084,26.54164,29.19874,119.993024,2.637,9.818330238,3.979385718,67.3843117,7865.254376,329.5527533,27.46565866,23574.96886,16.2,25.37281917,9,74.291,6149620,2.079601767,3.495,846.0149226,3,468.6251688,77.2834,2.260658238
Liechtenstein,Europe & Central Asia,2008,37.5,,,95.71802596,,,,,83186.91152,,,185214.4869,1.76,-5.064789789,70,,35521,0.72047439,222.006,,,,14.5612,0.332523665
Lithuania,Europe & Central Asia,2008,42.63603,26.86102,26.01424,149.4922166,1.417,4.502848733,2.808395484,59.87738738,6041.40902,676.4639561,71.69031005,34890.31151,6.6,9.772840809,55.24769127,71.84,3359799,-0.519861403,51.452,758.8587192,19,934.4067148,66.8546,-0.410310073
Luxembourg,Europe & Central Asia,2008,50.57915058,27.43404,26.09326,145.2398512,1.626,21.89691052,8.609796378,181.7796984,54881.98403,6770.178177,142.5689399,147997.421,2.2,4.403735765,81.91548476,79.563,486781,1.787496632,188.237,1566.106139,9,8054.816359,84.6828,2.085047616
Macao  China,East Asia & Pacific,2008,,,,,,,,,27656.90664,,,93569.14302,,,,,,,,,,,,
Madagascar,Sub-Saharan Africa,2008,70.2359253,21.40347,20.73501,24.73738484,4.794,0.099422148,,26.59250237,265.3663611,14.86741267,57.01813555,2178.176419,46.9,8.882926446,1.65,62.503,19546282,2.937869572,33.296,,132,21.642137,30.6836,4.989831466
Malawi,Sub-Saharan Africa,2008,58.0398812,22.03468,22.91455,10.76523981,5.781,0.082469881,,28.18877426,165.6965065,13.25724954,51.3472402,1538.852192,58.8,9.163705442,0.7,51.868,14005113,3.01321058,118.203,,116,21.2317324,15.3474,3.652491118
Malaysia,East Asia & Pacific,2008,23.95373611,24.73069,25.44832,100.7671876,2.052,7.612377493,2.654580895,99.49983635,5057.826663,169.1080758,80.02468576,25939.34829,7,10.33636943,55.8,74.138,27502008,1.652979767,83.378,767.9703238,13,306.3530623,70.2336,2.92279716
Maldives,South Asia,2008,26.66666667,23.21991,26.4132,141.6065299,2.382,3.15853574,,95.34091331,3874.825542,315.6693918,87.80555944,11308.05161,14.1,9.338464301,23.2,75.813,307632,1.339416036,1032.322,,12,454.9905731,37.4964,4.726591652
Mali,Sub-Saharan Africa,2008,33.19237168,21.78881,23.07655,23.77987813,6.817,0.041078867,,,262.7028131,15.63293527,,2156.976903,87.9,8.807785888,1.57,52.918,14459990,3.084458236,11.659,,183,33.62161099,33.0038,5.032172437
Malta,Europe & Central Asia,2008,28.125,27.68361,27.04993,93.1609437,1.377,6.182771021,2.030773152,87.77869105,11172.28154,1035.751978,88.30883595,44429.05261,5.8,2.576133217,50.32265003,78.873,413946,0.70645848,1309.956,1598.673959,19,1596.187505,94.2606,0.924390128
Marshall Islands,East Asia & Pacific,2008,72.22222222,29.37337,31.39287,3.78214826,,1.872163389,,,2399.438278,390.8392353,,12488.0457,32,3.89343471,3.626772173,,52880,0.745967566,292.155,,,476.0480099,70.904,1.189803368
Martinique,America,2008,,,,,1.906,5.316067698,,,,,,,,,,80.243,402804,,365.521,,,,,
Mauritania,Sub-Saharan Africa,2008,38.47967401,22.62295,26.26476,63.48499994,4.939,0.632020071,,58.96263677,615.5627259,24.37511567,81.9249298,3645.16568,68.7,-4.954073246,1.87,60.741,3295254,2.538026183,3.213,,78,47.27623307,40.8792,2.968018388
Mauritius,Sub-Saharan Africa,2008,48.27586207,25.15669,26.09824,80.48454296,1.579,3.078762897,,52.93318631,4875.992739,133.8922111,66.09867778,23235.21683,13.7,6.54745964,22.07277253,72.871,1283849,0.645482927,629.338,,35,395.0709293,41.9394,0.45443724
Mayotte,Sub-Saharan Africa,2008,54.05405405,,,,4.24,,,,,,,,,,,78.052,191805,,512.848,,,,,
Mexico,America,2008,52.93448906,27.42468,28.73751,68.06960457,2.346,4.308137429,1.636928249,28.04789633,6327.013175,280.8001629,30.2807732,23741.91406,15.4,6.334298309,21.71,76.367,110627158,1.279451944,56.494,431.6253788,70,597.703288,77.2182,1.673138425
Monaco,Europe & Central Asia,2008,,,,62.25945212,,,,,108111.2128,5869.560715,,93972.31107,3.4,-6.432696533,67.25,,35336,0.116096345,23715.436,,,6692.003003,100,0.116096345
Mongolia,East Asia & Pacific,2008,74.55457144,24.88385,25.71375,66.09916348,2.368,4.101758191,1.183114812,54.01703592,760.4424582,68.06621585,67.18097748,6600.549027,28,21.44875375,12.49,66.272,2667474,1.623812626,1.703,303.8054487,20,120.3128808,65.5378,3.184035263
Montenegro,Europe & Central Asia,2008,38.14126394,26.55412,25.70186,184.0527031,1.722,7.867320422,1.311374238,38.83374024,2309.471973,404.1167271,94.09854262,19619.4092,7.7,7.684801415,32.9,74.183,629185,0.194567602,45.554,,17,573.9169205,62.7376,0.480610448
Montserrat,America,2008,,,,,,13.10415248,,,,,,24077.97018,7.61,,,,5876,,57.608,,,,,
Morocco,Middle East & North Africa,2008,67.17678691,25.63182,26.22309,72.84366405,2.443,1.636226774,0.478550724,37.47806104,1733.533863,54.340858,50.86921113,8022.754087,31,5.8643699,33.1,69.784,31321453,0.995486482,70.141,209.0945173,14,147.3690377,55.9936,1.606705983
Mozambique,Sub-Saharan Africa,2008,62.37442458,21.93536,23.31734,19.72429017,5.536,0.104419937,0.420605251,32.26696971,353.7610957,12.89819009,46.35292565,1744.219382,77.1,8.354746165,1.56,48.551,22332900,2.363155138,27.861,31.3868377,144,18.09859681,30.5744,2.992453276
Myanmar,East Asia & Pacific,2008,18.78595911,21.44932,22.47733,0.777535557,2.049,0.270283912,0.318153625,,,1.17505794,0.085087931,2890.113221,46.4,,0.22,64.26,47250315,0.710426069,69.837,38.00563737,15,10.65229369,31.0038,2.466181459
Namibia,Sub-Saharan Africa,2008,47.1377036,22.65008,25.14988,47.80901118,3.364,1.90796735,0.738270659,54.15512845,2635.61212,150.1934551,60.07162162,10051.88122,35.8,13.66573485,5.329003772,60.275,2200422,1.901141948,2.669,,70,275.2366454,36.708,3.424620173
Nauru,East Asia & Pacific,2008,,33.89634,35.02294,,,14.04715128,,,,430.5239273,,19157.9337,31.8,,,,10180,,484.762,,,577.2316503,,
Nepal,South Asia,2008,29.36867806,20.76344,20.72814,14.53017811,2.899,0.105412983,0.3320693,12.11733349,254.694255,8.9028667,33.74940232,2277.73953,40,5.619854525,1.73,66.2,28905358,1.855945244,196.393,31.54456397,100,,16.0392,3.797460431
Netherlands,Europe & Central Asia,2008,57.13862559,26.01541,25.47269,124.987404,1.773,10.53302812,4.837166893,76.27527204,27348.47436,3943.438724,67.96634375,75384.59612,4,2.129038303,87.72655698,80.024,16503263,0.389292461,397.401,1490.056909,5,5236.865539,81.717,1.021510576
Netherlands Antilles,America,2008,,27.70558,29.57153,,1.97,30.57451577,,,,,,46716.75705,,,,76.184,194999,,243.749,,,,,
New Caledonia,East Asia & Pacific,2008,13.78555799,,,80.8831218,2.221,13.7210748,,,,,,67873.34104,,,34.35809009,75.259,242911,0.65174938,13.077,,20,,62.4098,0.243353849
New Zealand,East Asia & Pacific,2008,43.19623258,27.76893,27.36642,107.9992117,2.123,7.873656818,4.079142168,30.82337042,15011.18385,2336.346125,32.11706044,50321.06915,5.1,3.404254572,72.18032333,80.301,4277809,0.955616179,15.812,2993.09266,33,2820.197989,86.1372,0.988592271
Nicaragua,America,2008,42.76217384,25.77291,27.57259,55.1496679,2.717,0.782706012,0.540914089,31.90969847,1191.478584,57.70872616,72.59088239,5808.146359,23.5,15.00295669,5.3,73.123,5635577,1.284445134,43.351,126.8265778,111,105.2134079,56.7244,1.750585484
Niger,Sub-Saharan Africa,2008,34.56382727,21.21958,21.95958,13.13236734,7.588,0.063690857,,,179.8311403,10.08084024,,1287.610699,72.7,7.58330548,0.7,55.898,14450007,3.552640682,11.405,,204,19.45087717,17.2624,4.582112916
Nigeria,Sub-Saharan Africa,2008,85.09283354,23.03322,23.67402,41.80678114,6.017,0.615371082,0.738125379,42.75459592,492.2669892,32.64534422,29.4549477,2100.105751,87.8,10.96587281,15.86,50.337,150665730,2.496123048,163.099,74.0642409,117,79.29829413,47.7006,3.868583932
Niue,East Asia & Pacific,2008,,,,,,2.357984995,,,,1718.235179,,,22.9,,,,1555,,5.981,,,1731.061686,,
Norfolk Island,East Asia & Pacific,2008,,,,,,,,,,,,,,,,,2128,,,,,,,
North Korea,East Asia & Pacific,2008,,,,0,,3.253996909,0.835761255,,,,,,25.8,,0,,,0.489138439,200.155,,,,60.048,0.624121586
Northern Mariana Islands,East Asia & Pacific,2008,6.52173913,,,,,,,,,,,,,,,,62707,-2.584830976,135.144,,,,91.1158,-2.457878906
Norway,Europe & Central Asia,2008,3.352211346,26.93424,25.73772,109.044815,1.96,10.52976879,6.250025167,46.76289907,41399.70903,6803.230155,29.50657717,48321.90584,2.8,10.95065953,90.77413434,80.672,4778959,1.246333015,12.408,7432.130852,9.3,8070.926447,78.4572,1.658104313
Oman,Middle East & North Africa,2008,5.709208401,26.24109,26.66535,122.0854824,2.886,15.95863625,6.025569566,58.78993473,11385.6398,365.9088972,37.38835452,24358.545,10.6,28.1446842,20,75.121,2636963,2.915705327,8.52,2124.608816,9,479.0136688,72.6756,3.268853632
Pakistan,South Asia,2008,34.09090909,22.29914,23.44986,52.56722111,3.581,0.950683947,0.48739925,12.84804936,642.4275373,7.38773949,23.88018901,2660.74984,75.1,16.24451462,7,65.768,167442258,1.805877137,210.329,186.925515,31,22.06499551,35.3216,2.602322659
Palau,East Asia & Pacific,2008,10.86956522,30.37757,31.84726,57.67747676,,10.33221277,,83.85326252,6088.915614,650.8309933,100.2437802,13331.3236,16.7,6.5,,,20228,0.545284651,44.07,,,842.2555819,81.1008,1.952912134
Panama,America,2008,29.99730966,26.26959,27.67758,114.9350049,2.608,1.996680647,0.914719768,85.19189969,5643.895786,340.8791347,75.35196687,10674.42449,17.9,5.529997879,33.82,76.513,3406487,1.652033381,45.109,500.2885055,81,493.0881736,73.063,2.717044273
Papua New Guinea,East Asia & Pacific,2008,2.627743674,25.01506,25.77189,13.34500283,4.067,0.530746337,,74.56989184,683.9764815,30.10771824,61.83636332,1904.762816,53,7.830171568,1.15,61.574,6549268,2.363249511,14.15,,66,39.89054017,12.486,2.147240786
Paraguay,America,2008,52.44651397,25.54223,25.90523,92.94597224,3.063,0.698581746,0.697873694,50.91940921,1483.739071,66.32466498,55.56439744,4318.762318,21.2,13.18710526,14.27,71.804,6230242,1.796828254,15.317,528.648051,71,162.0668094,60.2104,2.767805266
Peru,America,2008,16.7421875,24.77041,25.98511,73.60989776,2.579,1.450005618,0.528553397,27.25071661,2961.787982,159.697794,27.08265335,7912.557759,17.8,0.71957915,30.57,73.312,28463338,1.049852714,22.147,239.389457,54,256.3294586,76.1602,1.543979883
Philippines,East Asia & Pacific,2008,39.57473924,22.87263,23.4671,75.54041897,3.257,0.762788129,0.443695478,36.91204053,1314.225968,20.94124521,39.37022604,3228.118596,26,7.549059634,6.22,67.891,90173139,1.700587834,300.577,179.6151806,53,64.67885035,48.402,1.955033002
Poland,Europe & Central Asia,2008,53.09973046,26.6738,25.91887,114.9349364,1.334,8.269040235,2.567613487,39.8991871,6235.755172,702.4991314,43.8691361,16210.60037,5.8,3.101620532,53.2591859,75.678,38218462,0.01363738,118.232,704.3997516,14,972.5138999,61.1494,-0.153354759
Portugal,Europe & Central Asia,2008,40.80026238,26.68445,26.18302,132.1081296,1.358,5.486926399,2.299879415,32.44615314,11949.11464,1551.666832,42.51853816,20601.22862,3.3,1.581937472,41.94811883,78.771,10634612,0.132618993,115.616,1259.392457,16,2383.880957,59.3336,1.12550492
Puerto Rico,America,2008,21.08229989,28.37804,30.2212,67.66692888,1.692,,,82.7304032,17487.72122,,98.63377632,18647.65453,,6.755350206,37.98095385,77.971,3758981,-0.586677392,423.547,,53,,98.319,-0.355529339
Qatar,Middle East & North Africa,2008,5.522001726,28.13138,28.91251,102.3943097,2.203,48.59437751,15.31043078,50.71941759,31214.35526,1299.770669,29.22606596,73806.56813,7.6,22.84921482,44.3,77.694,1396060,16.96729233,126.915,4759.453844,16,1635.512683,98.1726,17.21328438
Romania,Europe & Central Asia,2008,58.92127012,25.41069,25.22425,113.3419029,1.34,4.38905364,1.838418979,30.98396497,2844.641672,424.0663943,43.77215805,11590.78046,13.8,11.57741214,32.53441082,73.139,21589544,-0.154438571,90.564,467.5658077,39,516.8472441,52.78,-0.143069983
Russian Federation,Europe & Central Asia,2008,13.15843626,26.01131,27.21272,139.3671554,1.446,11.9828969,4.850177591,31.30956033,3043.665599,360.5817621,22.07290571,14756.21687,11.6,17.95971404,27.05928829,67.89,143163100,-0.105615218,8.384,825.9411107,29,560.7074942,73.3632,0.091407672
Rwanda,Sub-Saharan Africa,2008,81.07012566,22.55453,22.07156,13.22095998,5.062,0.070371204,,14.45654703,328.6537842,20.89012863,30.18961322,1001.280011,50.4,13.31718115,4.5,60.15,10004092,2.97832426,379.835,,38,44.07976003,18.3016,4.377010023
Saint Helena,Sub-Saharan Africa,2008,,,,,,,,,,,,,,,,,4288,,,,,,,
Saint Kitts and Nevis,America,2008,19.23076923,28.22986,30.50804,,,,,,,,57.81889811,14695.27601,,,,,51102,,,,,,,
Saint Lucia,America,2008,18.03278689,24.65176,27.22363,,2.013,,,,,,72.70784109,10626.24157,,,,74.015,170624,,,,60,,,
Saint Vincent and the Grenadines,America,2008,25.64102564,25.44121,27.51587,,2.112,,,,,,61.27775231,7264.529697,,,,71.872,109178,,,,58,,,
Saint-Pierre-et-Miquelon,America,2008,,,,,,,,,,,,,,,,,6072,,,,,,,
Samoa,East Asia & Pacific,2008,23.32155477,30.42475,33.65908,68.20344427,4.426,0.887378146,,32.42161589,1870.227744,144.2330694,54.37594279,5220.461888,15.9,3.487307234,5.031615316,71.702,181809,0.293043731,64.221,,28,168.1919376,20.534,-0.811190658
San Marino,Europe & Central Asia,2008,16.66666667,,,78.21655234,,,,,31993.20069,3595.697633,,41955.03786,3.3,3.230518908,54.52,,31198,0.614100475,511.443,,,4221.664509,94.061,0.628985541
Sao Tome and Principe,Sub-Saharan Africa,2008,57.29166667,23.51233,24.88216,31.56106899,4.411,0.802825947,,9.543715864,,35.59100619,,1746.87152,42.6,26.57472416,15.48,65.525,159852,1.570585824,165.822,,64,82.83053087,60.402,2.892150583
Saudi Arabia,Middle East & North Africa,2008,80.72326708,27.88432,29.59878,137.5797633,2.971,15.9822462,5.888245793,67.78292667,9513.377173,375.3277997,37.09501423,23293.77485,10.1,18.79315989,36,74.403,26166639,2.564307533,12.172,3433.932449,14,581.0174667,81.642,2.835368578
Senegal,Sub-Saharan Africa,2008,48.32493637,21.92743,24.30968,45.72051212,5.107,0.45043505,0.261036726,26.12822059,555.9069869,35.51729159,52.42951718,1723.337967,50.5,6.546906519,10.6,62.277,11787123,2.686645139,59.918,55.79474354,103,65.58605669,41.7996,3.229268182
Serbia,Europe & Central Asia,2008,57.80928424,26.51495,25.66997,118.6678017,1.406,5.286125766,2.29464325,31.07640408,1216.459267,417.4132618,57.62804344,9877.972059,6.9,12.60801521,39.25871753,73.373,9841360,-0.425719157,111.377,1387.978521,22,673.4155139,55.393,0.15364625
Seychelles,Sub-Saharan Africa,2008,6.52173913,25.56236,27.97374,109.2417726,2.284,7.97026926,,113.3260818,8151.71295,331.8198447,137.9506016,15994.53978,11.9,34.6244684,39.79449285,72.491,85568,2.236282715,188.062,,63.5,358.7704108,52.583,2.858184758
Sierra Leone,Sub-Saharan Africa,2008,47.66824909,22.53139,23.93364,17.97535303,5.128,0.157456585,,16.34252437,259.0029069,4.58217921,29.39232041,861.0477914,127.5,11.2,0.25,44.075,5612129,2.41373225,78.229,,136,47.99418931,38.2308,3.261134844
Singapore,East Asia & Pacific,2008,0,23.83996,22.86642,134.4197329,1.28,6.570811826,4.92368992,241.4020145,30131.61718,457.6832422,212.4879503,44103.96813,2.2,-7.645207719,68.04209282,81.292,4772216,5.321577945,6987.139,1464.837281,5,1434.298886,100,5.321577945
Slovak Republic,Europe & Central Asia,2008,40.27027027,26.92717,26.32373,101.4470612,1.309,6.901654456,3.385488473,83.47007438,8545.630996,947.8056856,85.73747546,20044.24168,7.4,2.860784378,66.47364349,74.88,5441304,0.172307489,110.972,830.701647,20,1398.669145,55.1256,-0.091830277
Slovenia,Europe & Central Asia,2008,24.42899702,27.43983,26.58214,101.8198152,1.434,8.50092724,3.829025744,67.14239715,13836.18922,1657.993079,70.36290047,26755.74025,3,4.124357585,57.90978551,78.414,2018172,0.158140844,99.633,1585.174739,5,2257.52921,50.163,-0.044989827
Solomon Islands,East Asia & Pacific,2008,3.036798857,27.15988,28.8762,5.879805026,4.359,0.388067132,,37.29684296,1141.163946,65.84194079,57.75675167,1892.289087,28.3,3.982473721,3,66.525,510221,2.728062289,17.657,,69,72.22520387,19.1274,5.048877264
Somalia,Sub-Saharan Africa,2008,70.18044442,21.96917,22.66607,7.027367506,7.056,0.068218889,,,,,,942.2861569,100.2,,1.142687372,53.379,8922260,2.138387336,13.992,,70,,36.4374,3.313848426
South Africa,Sub-Saharan Africa,2008,81.82828724,26.85538,29.4803,91.24205436,2.538,9.426622156,3.027596241,35.78538273,3795.976906,203.0555642,38.6315876,9385.984291,45.3,8.298147889,8.520936254,52.776,49319363,1.104057215,40.391,920.1375998,57,481.7777168,60.63,1.86232644
South Sudan,Sub-Saharan Africa,2008,,,,,5.385,,,67.26265938,,,,2650.0624,76.4,,,52.421,8473315,6.180208538,,,,,17.5764,6.984508544
Spain,Europe & Central Asia,2008,56.41940658,27.49975,26.30554,109.9168374,1.419,7.293088758,3.0518988,26.49569585,16251.83693,2273.560984,32.22380905,28204.17887,4.3,2.374449422,59.06431098,80.935,45146258,1.49673505,89.223,1779.50351,13,3131.313026,77.0508,1.648178401
Sri Lanka,South Asia,2008,42.17828098,21.96671,23.11717,54.12993456,2.323,0.580970179,0.442296285,24.84148147,1195.481085,31.67796793,38.52754777,4142.531745,9.6,16.32709157,5.873672365,73.634,20473799,0.884345986,312.053,161.0934685,23,67.73599135,15.0754,0.770317864
Sudan,Sub-Saharan Africa,2008,56.83712121,22.40484,23.16132,28.95430467,4.792,0.364976621,0.364274079,24.50287252,519.2826583,32.04436732,21.60303348,2535.414048,54.7,21.01415902,10.16,60.986,32941836,2.546980714,16.528,50.89210138,60,96.75328571,32.9544,1.76125371
Suriname,America,2008,0.455128205,25.49887,27.74986,127.5770484,2.406,4.755377627,,,2599.899241,185.8637853,,8075.176011,21,15.52114354,21.06,69.739,515066,0.961769096,3.144,,39,403.7934347,68.4592,1.596859335
Swaziland,Sub-Saharan Africa,2008,71.1627907,23.16969,28.44886,46.21600147,3.699,0.949860796,,59.36104542,1794.779059,104.2630958,68.6800016,5121.002365,73.2,13.27938271,7.637392113,47.389,1150344,1.135085967,66.249,,81,162.1047207,21.556,0.579940204
Sweden,Europe & Central Asia,2008,7.537651703,26.37629,25.1466,108.4133243,1.917,5.315688399,5.379959103,53.52886104,32798.73425,3966.023203,46.77731937,33563.33839,2.6,3.137510151,90.16824415,80.973,9236872,0.779033291,20.528,4304.514402,6,4865.991151,84.7612,0.953084995
Switzerland,Europe & Central Asia,2008,38.125,26.20195,24.07242,117.4761171,1.472,5.333057624,3.501333673,54.26793851,39324.73112,4164.21968,45.06262431,38181.48483,4,2.44493291,78.42877172,81.898,7573204,1.270618074,183.442,2361.033336,4,6998.970741,73.5656,1.319837967
Taiwan,East Asia & Pacific,2008,,24.44939,23.04608,,1.05,11.28218664,,,,,,29003.86744,,,,78.34,22921000,,,1831.731848,5,,,
Tajikistan,Europe & Central Asia,2008,33.77393541,23.77966,23.84799,54.89899298,3.703,0.463579009,0.369288802,16.75721078,259.1376482,10.58100067,71.98404778,1650.428953,55.3,14.05663214,8.78,66.41,6691416,1.30854806,46.76,405.7753854,28,43.07761038,26.4716,1.362204847
Thailand,East Asia & Pacific,2008,38.62475288,23.00803,24.38577,90.58003795,1.477,4.155642587,1.576957189,76.44460097,2608.24726,120.6416187,73.88140939,7652.231674,13.2,3.931303064,18.2,73.363,68267982,0.693102345,133.046,439.5897318,42,158.4172183,33.1344,1.595929413
Timor-Leste,East Asia & Pacific,2008,25.89105582,20.59082,21.50694,11.57694983,6.479,0.176584249,,,361.1386582,44.37236716,,2539.773518,56,10.47503087,0.16415625,64.83,1079749,1.773354721,72.593,,63,63.64118292,27.208,4.393870549
Togo,Sub-Saharan Africa,2008,62.60341975,21.87875,22.73858,26.82336372,4.876,0.251983337,0.443614906,35.4935713,258.0385955,13.21661836,,897.7584614,67.8,14.40877546,2.4,54.887,5776837,2.170335751,101.732,66.23852193,63,37.45616559,36.5938,3.46191838
Tokelau,East Asia & Pacific,2008,,,,,,,,,,,,,,,,,1139,,94.917,,,,,
Tonga,East Asia & Pacific,2008,41.66666667,30.99563,34.25969,49.04479642,4.012,1.710232242,,13.71048033,1980.449248,175.6902731,57.27846092,4752.19907,12.5,5.438125093,8.110769944,71.916,102910,0.639490589,158.323,,21,206.8616335,23.2828,0.822625863
Trinidad and Tobago,America,2008,10.52631579,26.39669,28.27587,135.6923909,1.796,35.37359258,14.53082552,64.16212935,10959.66371,444.3957654,37.63012797,18620.50478,20.7,24.62632701,34.8,69.321,1331040,0.404109087,259.462,2261.316713,34,909.2230846,12.9152,2.472554889
Tunisia,Middle East & North Africa,2008,63.60066941,25.15699,27.93706,83.94545894,2.044,2.440669475,0.912673954,55.6294804,3023.398051,133.167342,58.66620612,7361.403375,16.6,6.076080493,27.31257513,74.704,10247325,1.010030967,62.633,325.8395608,5,246.2171607,65.71,1.305704296
Turkey,Europe & Central Asia,2008,50.83221808,26.70371,28.24749,92.80971263,2.147,4.021902589,1.388840195,23.90791797,5288.416087,455.44953,28.34067736,8456.753897,15.6,11.99441606,34.37,73.585,70923730,1.321335189,90.515,550.6966103,37,623.7732361,69.0286,2.38332816
Turkmenistan,Europe & Central Asia,2008,69.39969783,25.24796,24.66154,23.07967882,2.482,11.18698047,4.493747148,64.05824742,1070.415935,41.10773108,40.37563574,5726.436282,50.6,59.74038555,1.75,64.737,4918396,1.218211736,10.077,351.1665941,19,83.6494936,47.8652,1.788935488
Turks and Caicos Islands,America,2008,1.052631579,,,,,4.384501299,,,,,,37368.21132,19.8,,,,35960,4.423437291,83.628,,,,91.8172,5.211133941
Tuvalu,East Asia & Pacific,2008,33.33333333,,,,,,,,1643.088907,623.2485918,,,27.8,-0.111053595,15,,9786,0.24554954,376.385,,,623.8041557,49.3208,1.087676926
Uganda,Sub-Saharan Africa,2008,68.87543166,22.35833,22.48126,27.29747916,6.338,0.100852839,,24.27944857,356.8351769,7.78474969,31.97721213,1150.60181,56.9,6.367213297,7.9,55.647,31339392,3.241232348,130.018,,145,45.31764489,14.394,5.930967123
Ukraine,Europe & Central Asia,2008,71.2766692,25.42379,26.23317,121.0688373,1.384,7.036664214,2.943144502,46.92328301,1158.110564,149.6985246,54.9111023,6730.010741,11.2,28.583474,10.93659987,68.306,45991584,-0.541462211,76.183,673.584861,32,259.6442146,68.327,-0.279142954
United Arab Emirates,Middle East & North Africa,2008,6.806220096,28.05359,29.61401,150.7701531,1.948,24.65683298,9.397846945,79.02482731,25573.73175,1007.943614,69.7850064,35246.69377,7.9,18.07184994,63,75.955,6206623,13.81924091,74.242,11154.75503,26,1526.896475,83.33,14.24737318
United Kingdom,Europe & Central Asia,2008,73.0955235,27.39249,26.94449,125.2408107,1.871,8.522876171,3.39436448,29.81197573,29287.76042,3130.586837,32.21965729,32623.51605,4.7,3.134451147,78.23268889,79.499,61270318,0.664933705,252.245,1933.945615,30,3801.445398,79.3076,0.791357088
United States of America,America,2008,44.20492336,28.45698,28.34359,85.6752031,2.074,18.5459917,7.487930303,12.98798112,38208.76118,3554.238744,17.88149879,42226.58003,6.5,2.211347037,74.21781837,77.8,304989064,0.945865287,31.674,4542.848695,38,7719.627428,81.5782,1.292636758
Uruguay,America,2008,85.07599132,26.39123,26.59304,104.8371368,2.107,2.489763547,1.245675532,30.20302397,8211.661782,459.6498331,35.00507104,10920.64175,10.2,8.023536413,39.44044757,76.458,3345967,0.304778368,19.118,823.8231975,61,720.5684152,92.2418,0.419325669
Uzbekistan,Europe & Central Asia,2008,62.57639868,25.32054,25.43432,46.15577354,2.457,4.658142664,1.849719625,43.5239727,839.9109699,26.31500891,40.78537761,2428.749951,39.2,19.89221241,8.916912779,67.647,26811974,1.604961099,59.928,261.4339532,14,57.40209764,36.3928,1.345904972
Vanuatu,East Asia & Pacific,2008,15.34044299,26.78926,28.45876,15.78663486,3.608,0.530606338,,44.38548218,1524.253595,97.95105059,56.40023115,3945.412164,17.3,4.764463461,7.269119923,70.157,228041,2.515129759,18.709,,53,110.7725368,23.993,3.764936331
Venezuela,America,2008,24.20497704,27.445,28.13408,97.70789149,2.531,6.496697762,2.511814498,30.82166901,5984.144953,268.9268716,21.11451563,11862.322,14.4,30.13245285,25.99347456,73.814,28057485,1.631275121,30.763,969.0043388,89,598.3068322,92.7528,1.934258211
Vietnam,East Asia & Pacific,2008,33.02480085,20.9163,21.065,87.10953399,1.862,1.493381555,0.575456291,77.92245047,656.3107275,23.80215849,93.12933406,2577.73251,19.2,22.13575003,24.15312715,75.204,85951912,1.064356223,259.134,302.7256547,26,70.09052721,29.1482,3.222778262
Wallis et Futuna,East Asia & Pacific,2008,,,,,,1.589250885,,,,,,,,,,,13843,,69.215,,12.5,,,
West Bank and Gaza Strip,Middle East & North Africa,2008,61.12956811,26.5775,29.02643,34.349672,4.381,0.536602287,,,,,,3521.304663,21.2,,23.67273319,72.271,3826546,2.706362137,635.639,,52,,73.7042,2.997678565
Western Sahara,Middle East & North Africa,2008,,,,,2.549,0.479618237,,,,,,,,,,66.155,496923,,1.868,,,,,
Yemen,Sub-Saharan Africa,2008,,,,28.48417979,,1.000828155,0.315670652,37.83936268,578.3232708,21.1315877,,,52.3,20.38033925,6.89,,,3.049598406,42.856,,,68.22635908,30.6196,4.899415482
Zambia,Sub-Saharan Africa,2008,31.05637687,20.68321,23.05436,28.58734991,5.881,0.15579379,0.617251413,35.37457959,396.3443844,43.1885424,33.53243802,1302.85927,67.1,12.33122274,5.55,51.648,12379612,2.653956076,16.449,168.6230305,145,72.58389754,37.8798,3.775860141
Zimbabwe,Sub-Saharan Africa,2008,42.52294171,22.0266,24.64522,13.28928471,3.853,0.728825335,0.744783277,41.46684882,280.3085028,,68.05478845,408.1344733,58.7,1.349222478,11.4,48.89,12451543,-0.238256661,31.865,297.8832004,62,,37.222,0.988951605
